id,firstname,lastname,email,email2,profession
100,Mariann,Ventre,Mariann.Ventre@yopmail.com,Mariann.Ventre@gmail.com,doctor
101,Sarette,Brackely,Sarette.Brackely@yopmail.com,Sarette.Brackely@gmail.com,developer
102,Hettie,Haerr,Hettie.Haerr@yopmail.com,Hettie.Haerr@gmail.com,police officer
103,Judy,Hazlett,Judy.Hazlett@yopmail.com,Judy.Hazlett@gmail.com,police officer
104,Maud,Darbie,Maud.Darbie@yopmail.com,Maud.Darbie@gmail.com,firefighter
105,Loree,Yerkovich,Loree.Yerkovich@yopmail.com,Loree.Yerkovich@gmail.com,developer
106,Joceline,Isidore,Joceline.Isidore@yopmail.com,Joceline.Isidore@gmail.com,doctor
107,Gianina,Magnolia,Gianina.Magnolia@yopmail.com,Gianina.Magnolia@gmail.com,firefighter
108,Feliza,Rozanna,Feliza.Rozanna@yopmail.com,Feliza.Rozanna@gmail.com,developer
109,Elena,Daniele,Elena.Daniele@yopmail.com,Elena.Daniele@gmail.com,worker
110,Margarette,Iphlgenia,Margarette.Iphlgenia@yopmail.com,Margarette.Iphlgenia@gmail.com,police officer
111,Evita,Durware,Evita.Durware@yopmail.com,Evita.Durware@gmail.com,police officer
112,Fernande,Grimbly,Fernande.Grimbly@yopmail.com,Fernande.Grimbly@gmail.com,police officer
113,Celisse,Solitta,Celisse.Solitta@yopmail.com,Celisse.Solitta@gmail.com,worker
114,Gretal,Randene,Gretal.Randene@yopmail.com,Gretal.Randene@gmail.com,developer
115,Hayley,Yusuk,Hayley.Yusuk@yopmail.com,Hayley.Yusuk@gmail.com,worker
116,Therine,Bevin,Therine.Bevin@yopmail.com,Therine.Bevin@gmail.com,developer
117,Ethel,Clie,Ethel.Clie@yopmail.com,Ethel.Clie@gmail.com,developer
118,Steffane,Bakerman,Steffane.Bakerman@yopmail.com,Steffane.Bakerman@gmail.com,firefighter
119,Gusella,Jaylene,Gusella.Jaylene@yopmail.com,Gusella.Jaylene@gmail.com,firefighter
120,Rubie,Lauraine,Rubie.Lauraine@yopmail.com,Rubie.Lauraine@gmail.com,worker
121,Oona,Kenwood,Oona.Kenwood@yopmail.com,Oona.Kenwood@gmail.com,developer
122,Dennie,Hilbert,Dennie.Hilbert@yopmail.com,Dennie.Hilbert@gmail.com,worker
123,Korrie,Margret,Korrie.Margret@yopmail.com,Korrie.Margret@gmail.com,doctor
124,Christal,Lalitta,Christal.Lalitta@yopmail.com,Christal.Lalitta@gmail.com,doctor
125,Fernande,Kenney,Fernande.Kenney@yopmail.com,Fernande.Kenney@gmail.com,firefighter
126,Nikki,Michella,Nikki.Michella@yopmail.com,Nikki.Michella@gmail.com,worker
127,Gale,Carleen,Gale.Carleen@yopmail.com,Gale.Carleen@gmail.com,police officer
128,Nickie,Brian,Nickie.Brian@yopmail.com,Nickie.Brian@gmail.com,worker
129,Josephine,Aloise,Josephine.Aloise@yopmail.com,Josephine.Aloise@gmail.com,doctor
130,Juliane,Baylor,Juliane.Baylor@yopmail.com,Juliane.Baylor@gmail.com,developer
131,Helena,Marisa,Helena.Marisa@yopmail.com,Helena.Marisa@gmail.com,firefighter
132,Lulita,Adamsen,Lulita.Adamsen@yopmail.com,Lulita.Adamsen@gmail.com,doctor
133,Tera,Burkle,Tera.Burkle@yopmail.com,Tera.Burkle@gmail.com,developer
134,Melanie,Ardra,Melanie.Ardra@yopmail.com,Melanie.Ardra@gmail.com,doctor
135,Basia,Dex,Basia.Dex@yopmail.com,Basia.Dex@gmail.com,developer
136,Philis,Koziara,Philis.Koziara@yopmail.com,Philis.Koziara@gmail.com,firefighter
137,Kate,Linskey,Kate.Linskey@yopmail.com,Kate.Linskey@gmail.com,doctor
138,Constance,Dex,Constance.Dex@yopmail.com,Constance.Dex@gmail.com,worker
139,Beverley,Winnick,Beverley.Winnick@yopmail.com,Beverley.Winnick@gmail.com,worker
140,Frank,Brady,Frank.Brady@yopmail.com,Frank.Brady@gmail.com,firefighter
141,Aurore,Alfons,Aurore.Alfons@yopmail.com,Aurore.Alfons@gmail.com,developer
142,Jaclyn,Karylin,Jaclyn.Karylin@yopmail.com,Jaclyn.Karylin@gmail.com,police officer
143,Gisela,Tengdin,Gisela.Tengdin@yopmail.com,Gisela.Tengdin@gmail.com,worker
144,Claudina,Colleen,Claudina.Colleen@yopmail.com,Claudina.Colleen@gmail.com,police officer
145,Rebeca,Edmund,Rebeca.Edmund@yopmail.com,Rebeca.Edmund@gmail.com,worker
146,Petronia,Sekofski,Petronia.Sekofski@yopmail.com,Petronia.Sekofski@gmail.com,firefighter
147,Mignon,Lasley,Mignon.Lasley@yopmail.com,Mignon.Lasley@gmail.com,worker
148,Theodora,Mozelle,Theodora.Mozelle@yopmail.com,Theodora.Mozelle@gmail.com,developer
149,Lusa,Bashemeth,Lusa.Bashemeth@yopmail.com,Lusa.Bashemeth@gmail.com,developer
150,Maridel,Kendrick,Maridel.Kendrick@yopmail.com,Maridel.Kendrick@gmail.com,worker
151,Sheelagh,Morehouse,Sheelagh.Morehouse@yopmail.com,Sheelagh.Morehouse@gmail.com,firefighter
152,Rosanne,Chabot,Rosanne.Chabot@yopmail.com,Rosanne.Chabot@gmail.com,developer
153,Verla,Seessel,Verla.Seessel@yopmail.com,Verla.Seessel@gmail.com,doctor
154,Frank,Glenden,Frank.Glenden@yopmail.com,Frank.Glenden@gmail.com,doctor
155,Ebonee,Maxi,Ebonee.Maxi@yopmail.com,Ebonee.Maxi@gmail.com,developer
156,Eugine,Rurik,Eugine.Rurik@yopmail.com,Eugine.Rurik@gmail.com,developer
157,Dagmar,Bandeen,Dagmar.Bandeen@yopmail.com,Dagmar.Bandeen@gmail.com,doctor
158,Julieta,Ingra,Julieta.Ingra@yopmail.com,Julieta.Ingra@gmail.com,worker
159,Anallese,Bendick,Anallese.Bendick@yopmail.com,Anallese.Bendick@gmail.com,firefighter
160,Elie,Fax,Elie.Fax@yopmail.com,Elie.Fax@gmail.com,doctor
161,Audrie,Rosalba,Audrie.Rosalba@yopmail.com,Audrie.Rosalba@gmail.com,firefighter
162,Giustina,Minetta,Giustina.Minetta@yopmail.com,Giustina.Minetta@gmail.com,developer
163,Tatiania,Nikaniki,Tatiania.Nikaniki@yopmail.com,Tatiania.Nikaniki@gmail.com,police officer
164,Madelle,Wolfgram,Madelle.Wolfgram@yopmail.com,Madelle.Wolfgram@gmail.com,police officer
165,Marsiella,Huggins,Marsiella.Huggins@yopmail.com,Marsiella.Huggins@gmail.com,developer
166,Lorenza,Kronfeld,Lorenza.Kronfeld@yopmail.com,Lorenza.Kronfeld@gmail.com,firefighter
167,Korrie,Vharat,Korrie.Vharat@yopmail.com,Korrie.Vharat@gmail.com,police officer
168,Aaren,Allys,Aaren.Allys@yopmail.com,Aaren.Allys@gmail.com,worker
169,Marinna,Sheedy,Marinna.Sheedy@yopmail.com,Marinna.Sheedy@gmail.com,developer
170,Carree,Oriana,Carree.Oriana@yopmail.com,Carree.Oriana@gmail.com,police officer
171,Cacilie,Zola,Cacilie.Zola@yopmail.com,Cacilie.Zola@gmail.com,developer
172,Queenie,Therine,Queenie.Therine@yopmail.com,Queenie.Therine@gmail.com,developer
173,Adriana,Jenness,Adriana.Jenness@yopmail.com,Adriana.Jenness@gmail.com,developer
174,Letizia,Burnside,Letizia.Burnside@yopmail.com,Letizia.Burnside@gmail.com,doctor
175,Hyacinthe,Shields,Hyacinthe.Shields@yopmail.com,Hyacinthe.Shields@gmail.com,doctor
176,Delilah,Ledah,Delilah.Ledah@yopmail.com,Delilah.Ledah@gmail.com,doctor
177,Myriam,O'Neill,Myriam.O'Neill@yopmail.com,Myriam.O'Neill@gmail.com,developer
178,Leontine,Dituri,Leontine.Dituri@yopmail.com,Leontine.Dituri@gmail.com,worker
179,Willetta,Parette,Willetta.Parette@yopmail.com,Willetta.Parette@gmail.com,worker
180,Yetty,Monaco,Yetty.Monaco@yopmail.com,Yetty.Monaco@gmail.com,firefighter
181,Maridel,Clywd,Maridel.Clywd@yopmail.com,Maridel.Clywd@gmail.com,doctor
182,Marline,Barbey,Marline.Barbey@yopmail.com,Marline.Barbey@gmail.com,firefighter
183,Josephine,Dreda,Josephine.Dreda@yopmail.com,Josephine.Dreda@gmail.com,police officer
184,Dorthy,Waite,Dorthy.Waite@yopmail.com,Dorthy.Waite@gmail.com,police officer
185,Tabbatha,Larochelle,Tabbatha.Larochelle@yopmail.com,Tabbatha.Larochelle@gmail.com,doctor
186,Dede,Judye,Dede.Judye@yopmail.com,Dede.Judye@gmail.com,firefighter
187,Phedra,Chinua,Phedra.Chinua@yopmail.com,Phedra.Chinua@gmail.com,police officer
188,Frances,Jethro,Frances.Jethro@yopmail.com,Frances.Jethro@gmail.com,developer
189,Caressa,Ricki,Caressa.Ricki@yopmail.com,Caressa.Ricki@gmail.com,worker
190,Tabbatha,Daniele,Tabbatha.Daniele@yopmail.com,Tabbatha.Daniele@gmail.com,police officer
191,Harmonia,Seligman,Harmonia.Seligman@yopmail.com,Harmonia.Seligman@gmail.com,worker
192,Selma,Leonard,Selma.Leonard@yopmail.com,Selma.Leonard@gmail.com,firefighter
193,Gretal,Sperling,Gretal.Sperling@yopmail.com,Gretal.Sperling@gmail.com,developer
194,Blinni,Morgun,Blinni.Morgun@yopmail.com,Blinni.Morgun@gmail.com,police officer
195,Marcy,Cristi,Marcy.Cristi@yopmail.com,Marcy.Cristi@gmail.com,police officer
196,Daryl,Marsden,Daryl.Marsden@yopmail.com,Daryl.Marsden@gmail.com,doctor
197,Fanchon,Devlen,Fanchon.Devlen@yopmail.com,Fanchon.Devlen@gmail.com,doctor
198,Atlanta,Silvan,Atlanta.Silvan@yopmail.com,Atlanta.Silvan@gmail.com,developer
199,Kathy,Connelly,Kathy.Connelly@yopmail.com,Kathy.Connelly@gmail.com,firefighter
200,Estell,Granoff,Estell.Granoff@yopmail.com,Estell.Granoff@gmail.com,police officer
201,Myriam,Nikaniki,Myriam.Nikaniki@yopmail.com,Myriam.Nikaniki@gmail.com,developer
202,Raina,Junie,Raina.Junie@yopmail.com,Raina.Junie@gmail.com,developer
203,Brena,Moseley,Brena.Moseley@yopmail.com,Brena.Moseley@gmail.com,doctor
204,Sean,Durante,Sean.Durante@yopmail.com,Sean.Durante@gmail.com,firefighter
205,Caressa,Imelida,Caressa.Imelida@yopmail.com,Caressa.Imelida@gmail.com,developer
206,Meriel,Chabot,Meriel.Chabot@yopmail.com,Meriel.Chabot@gmail.com,firefighter
207,Dorice,Agle,Dorice.Agle@yopmail.com,Dorice.Agle@gmail.com,worker
208,Sashenka,Behre,Sashenka.Behre@yopmail.com,Sashenka.Behre@gmail.com,police officer
209,Beverley,Katrine,Beverley.Katrine@yopmail.com,Beverley.Katrine@gmail.com,police officer
210,Priscilla,Faro,Priscilla.Faro@yopmail.com,Priscilla.Faro@gmail.com,doctor
211,Merry,Greenwald,Merry.Greenwald@yopmail.com,Merry.Greenwald@gmail.com,developer
212,Basia,Johanna,Basia.Johanna@yopmail.com,Basia.Johanna@gmail.com,police officer
213,Kerrin,Anderea,Kerrin.Anderea@yopmail.com,Kerrin.Anderea@gmail.com,police officer
214,Althea,Hanshaw,Althea.Hanshaw@yopmail.com,Althea.Hanshaw@gmail.com,doctor
215,Gerianna,Ralfston,Gerianna.Ralfston@yopmail.com,Gerianna.Ralfston@gmail.com,worker
216,Margalo,Knowling,Margalo.Knowling@yopmail.com,Margalo.Knowling@gmail.com,police officer
217,Ayn,Jary,Ayn.Jary@yopmail.com,Ayn.Jary@gmail.com,firefighter
218,Bill,Libna,Bill.Libna@yopmail.com,Bill.Libna@gmail.com,worker
219,Chickie,Phaidra,Chickie.Phaidra@yopmail.com,Chickie.Phaidra@gmail.com,developer
220,Sheree,Schwejda,Sheree.Schwejda@yopmail.com,Sheree.Schwejda@gmail.com,developer
221,Orsola,Sparhawk,Orsola.Sparhawk@yopmail.com,Orsola.Sparhawk@gmail.com,police officer
222,Clarice,Bartlett,Clarice.Bartlett@yopmail.com,Clarice.Bartlett@gmail.com,police officer
223,Basia,Ochs,Basia.Ochs@yopmail.com,Basia.Ochs@gmail.com,worker
224,Lisette,Gemini,Lisette.Gemini@yopmail.com,Lisette.Gemini@gmail.com,developer
225,Lynde,Allina,Lynde.Allina@yopmail.com,Lynde.Allina@gmail.com,doctor
226,Kaja,Anderea,Kaja.Anderea@yopmail.com,Kaja.Anderea@gmail.com,worker
227,Maud,Ashely,Maud.Ashely@yopmail.com,Maud.Ashely@gmail.com,developer
228,Betta,Sidonius,Betta.Sidonius@yopmail.com,Betta.Sidonius@gmail.com,firefighter
229,Delilah,Monk,Delilah.Monk@yopmail.com,Delilah.Monk@gmail.com,doctor
230,Ulrike,Paine,Ulrike.Paine@yopmail.com,Ulrike.Paine@gmail.com,worker
231,Kristina,Ogren,Kristina.Ogren@yopmail.com,Kristina.Ogren@gmail.com,worker
232,Tabbatha,Marisa,Tabbatha.Marisa@yopmail.com,Tabbatha.Marisa@gmail.com,developer
233,Max,Daegal,Max.Daegal@yopmail.com,Max.Daegal@gmail.com,doctor
234,Celisse,Kiyoshi,Celisse.Kiyoshi@yopmail.com,Celisse.Kiyoshi@gmail.com,police officer
235,Brooks,Kress,Brooks.Kress@yopmail.com,Brooks.Kress@gmail.com,worker
236,Sophia,Chaing,Sophia.Chaing@yopmail.com,Sophia.Chaing@gmail.com,developer
237,Agnese,Fax,Agnese.Fax@yopmail.com,Agnese.Fax@gmail.com,doctor
238,Felice,Chinua,Felice.Chinua@yopmail.com,Felice.Chinua@gmail.com,police officer
239,Jemie,Atonsah,Jemie.Atonsah@yopmail.com,Jemie.Atonsah@gmail.com,police officer
240,Lacie,Konyn,Lacie.Konyn@yopmail.com,Lacie.Konyn@gmail.com,police officer
241,Aigneis,Love,Aigneis.Love@yopmail.com,Aigneis.Love@gmail.com,doctor
242,Melina,Stav,Melina.Stav@yopmail.com,Melina.Stav@gmail.com,firefighter
243,Wendi,Rheingold,Wendi.Rheingold@yopmail.com,Wendi.Rheingold@gmail.com,firefighter
244,Kirstin,Granoff,Kirstin.Granoff@yopmail.com,Kirstin.Granoff@gmail.com,firefighter
245,Dagmar,Lalitta,Dagmar.Lalitta@yopmail.com,Dagmar.Lalitta@gmail.com,police officer
246,Joeann,Brenn,Joeann.Brenn@yopmail.com,Joeann.Brenn@gmail.com,police officer
247,Blondelle,Podvin,Blondelle.Podvin@yopmail.com,Blondelle.Podvin@gmail.com,police officer
248,Morganica,Syd,Morganica.Syd@yopmail.com,Morganica.Syd@gmail.com,doctor
249,Neila,Junie,Neila.Junie@yopmail.com,Neila.Junie@gmail.com,developer
250,Dotty,Elbertina,Dotty.Elbertina@yopmail.com,Dotty.Elbertina@gmail.com,worker
251,Carmela,Hewitt,Carmela.Hewitt@yopmail.com,Carmela.Hewitt@gmail.com,doctor
252,Melina,Halla,Melina.Halla@yopmail.com,Melina.Halla@gmail.com,developer
253,Fanny,Tamar,Fanny.Tamar@yopmail.com,Fanny.Tamar@gmail.com,firefighter
254,Laurene,Guildroy,Laurene.Guildroy@yopmail.com,Laurene.Guildroy@gmail.com,police officer
255,Malina,Bertold,Malina.Bertold@yopmail.com,Malina.Bertold@gmail.com,developer
256,Jeanna,Mallon,Jeanna.Mallon@yopmail.com,Jeanna.Mallon@gmail.com,police officer
257,Gusty,Tomasina,Gusty.Tomasina@yopmail.com,Gusty.Tomasina@gmail.com,firefighter
258,Emmey,Kenney,Emmey.Kenney@yopmail.com,Emmey.Kenney@gmail.com,worker
259,Minda,Hortensia,Minda.Hortensia@yopmail.com,Minda.Hortensia@gmail.com,firefighter
260,Susette,Brittani,Susette.Brittani@yopmail.com,Susette.Brittani@gmail.com,police officer
261,Sharai,Abram,Sharai.Abram@yopmail.com,Sharai.Abram@gmail.com,developer
262,Britte,Dorothy,Britte.Dorothy@yopmail.com,Britte.Dorothy@gmail.com,worker
263,Berget,Mott,Berget.Mott@yopmail.com,Berget.Mott@gmail.com,police officer
264,Nariko,Kress,Nariko.Kress@yopmail.com,Nariko.Kress@gmail.com,police officer
265,Chandra,McGrody,Chandra.McGrody@yopmail.com,Chandra.McGrody@gmail.com,police officer
266,Evaleen,Madaih,Evaleen.Madaih@yopmail.com,Evaleen.Madaih@gmail.com,police officer
267,Cyb,Tremayne,Cyb.Tremayne@yopmail.com,Cyb.Tremayne@gmail.com,firefighter
268,Janeczka,Francyne,Janeczka.Francyne@yopmail.com,Janeczka.Francyne@gmail.com,developer
269,Sibella,Nance,Sibella.Nance@yopmail.com,Sibella.Nance@gmail.com,police officer
270,Dorene,Randene,Dorene.Randene@yopmail.com,Dorene.Randene@gmail.com,doctor
271,Rosabelle,Dawkins,Rosabelle.Dawkins@yopmail.com,Rosabelle.Dawkins@gmail.com,doctor
272,Amalie,Shaddock,Amalie.Shaddock@yopmail.com,Amalie.Shaddock@gmail.com,developer
273,Philis,Zrike,Philis.Zrike@yopmail.com,Philis.Zrike@gmail.com,firefighter
274,Daune,Arquit,Daune.Arquit@yopmail.com,Daune.Arquit@gmail.com,worker
275,Charissa,Amand,Charissa.Amand@yopmail.com,Charissa.Amand@gmail.com,doctor
276,Charmaine,Himelman,Charmaine.Himelman@yopmail.com,Charmaine.Himelman@gmail.com,police officer
277,Vita,Dorothy,Vita.Dorothy@yopmail.com,Vita.Dorothy@gmail.com,doctor
278,Janenna,Greenwald,Janenna.Greenwald@yopmail.com,Janenna.Greenwald@gmail.com,police officer
279,Fanny,Bearnard,Fanny.Bearnard@yopmail.com,Fanny.Bearnard@gmail.com,developer
280,Karlee,Anselmi,Karlee.Anselmi@yopmail.com,Karlee.Anselmi@gmail.com,doctor
281,Lacie,Standing,Lacie.Standing@yopmail.com,Lacie.Standing@gmail.com,doctor
282,Robbi,Levey,Robbi.Levey@yopmail.com,Robbi.Levey@gmail.com,doctor
283,Joelly,Pond,Joelly.Pond@yopmail.com,Joelly.Pond@gmail.com,firefighter
284,Ernesta,Schlosser,Ernesta.Schlosser@yopmail.com,Ernesta.Schlosser@gmail.com,doctor
285,Brietta,Devlen,Brietta.Devlen@yopmail.com,Brietta.Devlen@gmail.com,doctor
286,Alisha,Regan,Alisha.Regan@yopmail.com,Alisha.Regan@gmail.com,worker
287,Chloris,Evvie,Chloris.Evvie@yopmail.com,Chloris.Evvie@gmail.com,doctor
288,Giustina,Argus,Giustina.Argus@yopmail.com,Giustina.Argus@gmail.com,firefighter
289,Ebonee,Jacqui,Ebonee.Jacqui@yopmail.com,Ebonee.Jacqui@gmail.com,firefighter
290,Gui,Hailee,Gui.Hailee@yopmail.com,Gui.Hailee@gmail.com,worker
291,Nerta,Linskey,Nerta.Linskey@yopmail.com,Nerta.Linskey@gmail.com,police officer
292,Evita,Standing,Evita.Standing@yopmail.com,Evita.Standing@gmail.com,worker
293,Jacquetta,Dituri,Jacquetta.Dituri@yopmail.com,Jacquetta.Dituri@gmail.com,doctor
294,Oona,Devlen,Oona.Devlen@yopmail.com,Oona.Devlen@gmail.com,doctor
295,Giustina,Helfand,Giustina.Helfand@yopmail.com,Giustina.Helfand@gmail.com,firefighter
296,Britni,Gerge,Britni.Gerge@yopmail.com,Britni.Gerge@gmail.com,doctor
297,Orsola,Rustice,Orsola.Rustice@yopmail.com,Orsola.Rustice@gmail.com,doctor
298,Annabela,Natica,Annabela.Natica@yopmail.com,Annabela.Natica@gmail.com,worker
299,Desirae,Goth,Desirae.Goth@yopmail.com,Desirae.Goth@gmail.com,worker
300,Marnia,Terencio,Marnia.Terencio@yopmail.com,Marnia.Terencio@gmail.com,developer
301,Molli,Thar,Molli.Thar@yopmail.com,Molli.Thar@gmail.com,worker
302,Arabel,Wenda,Arabel.Wenda@yopmail.com,Arabel.Wenda@gmail.com,worker
303,Edith,Othilia,Edith.Othilia@yopmail.com,Edith.Othilia@gmail.com,developer
304,Aaren,Bearnard,Aaren.Bearnard@yopmail.com,Aaren.Bearnard@gmail.com,worker
305,Blondelle,Virgin,Blondelle.Virgin@yopmail.com,Blondelle.Virgin@gmail.com,firefighter
306,Odessa,Fink,Odessa.Fink@yopmail.com,Odessa.Fink@gmail.com,doctor
307,Winifred,Trace,Winifred.Trace@yopmail.com,Winifred.Trace@gmail.com,firefighter
308,Micheline,Klotz,Micheline.Klotz@yopmail.com,Micheline.Klotz@gmail.com,worker
309,Fawne,Ulphia,Fawne.Ulphia@yopmail.com,Fawne.Ulphia@gmail.com,firefighter
310,Susan,Bearnard,Susan.Bearnard@yopmail.com,Susan.Bearnard@gmail.com,developer
311,Ariela,Adore,Ariela.Adore@yopmail.com,Ariela.Adore@gmail.com,firefighter
312,Aurore,Heidt,Aurore.Heidt@yopmail.com,Aurore.Heidt@gmail.com,doctor
313,Elora,Gregrory,Elora.Gregrory@yopmail.com,Elora.Gregrory@gmail.com,police officer
314,Wanda,Stover,Wanda.Stover@yopmail.com,Wanda.Stover@gmail.com,firefighter
315,Lenna,Lanita,Lenna.Lanita@yopmail.com,Lenna.Lanita@gmail.com,worker
316,Antonietta,Harday,Antonietta.Harday@yopmail.com,Antonietta.Harday@gmail.com,firefighter
317,Etta,Brodench,Etta.Brodench@yopmail.com,Etta.Brodench@gmail.com,police officer
318,Kirbee,Creamer,Kirbee.Creamer@yopmail.com,Kirbee.Creamer@gmail.com,police officer
319,Gertrud,Casimir,Gertrud.Casimir@yopmail.com,Gertrud.Casimir@gmail.com,firefighter
320,Selma,Darrell,Selma.Darrell@yopmail.com,Selma.Darrell@gmail.com,police officer
321,Queenie,Jillane,Queenie.Jillane@yopmail.com,Queenie.Jillane@gmail.com,developer
322,Tersina,Montgomery,Tersina.Montgomery@yopmail.com,Tersina.Montgomery@gmail.com,firefighter
323,Althea,Secrest,Althea.Secrest@yopmail.com,Althea.Secrest@gmail.com,police officer
324,Cyb,Kazimir,Cyb.Kazimir@yopmail.com,Cyb.Kazimir@gmail.com,worker
325,Ottilie,Garek,Ottilie.Garek@yopmail.com,Ottilie.Garek@gmail.com,firefighter
326,Caressa,Braun,Caressa.Braun@yopmail.com,Caressa.Braun@gmail.com,firefighter
327,Lynnea,Shuler,Lynnea.Shuler@yopmail.com,Lynnea.Shuler@gmail.com,police officer
328,Elora,Clarissa,Elora.Clarissa@yopmail.com,Elora.Clarissa@gmail.com,doctor
329,Phylis,Tannie,Phylis.Tannie@yopmail.com,Phylis.Tannie@gmail.com,police officer
330,Phylis,LaRue,Phylis.LaRue@yopmail.com,Phylis.LaRue@gmail.com,firefighter
331,Jan,Hanleigh,Jan.Hanleigh@yopmail.com,Jan.Hanleigh@gmail.com,developer
332,Anthia,Malvino,Anthia.Malvino@yopmail.com,Anthia.Malvino@gmail.com,developer
333,Henriette,Westphal,Henriette.Westphal@yopmail.com,Henriette.Westphal@gmail.com,police officer
334,Shannah,Raama,Shannah.Raama@yopmail.com,Shannah.Raama@gmail.com,firefighter
335,Bernardine,Odell,Bernardine.Odell@yopmail.com,Bernardine.Odell@gmail.com,police officer
336,Blake,Federica,Blake.Federica@yopmail.com,Blake.Federica@gmail.com,firefighter
337,Molli,Jobi,Molli.Jobi@yopmail.com,Molli.Jobi@gmail.com,police officer
338,Quintina,Poll,Quintina.Poll@yopmail.com,Quintina.Poll@gmail.com,worker
339,Nerta,Brackely,Nerta.Brackely@yopmail.com,Nerta.Brackely@gmail.com,police officer
340,Harmonia,Garek,Harmonia.Garek@yopmail.com,Harmonia.Garek@gmail.com,doctor
341,Merle,Delila,Merle.Delila@yopmail.com,Merle.Delila@gmail.com,police officer
342,Joeann,Kannry,Joeann.Kannry@yopmail.com,Joeann.Kannry@gmail.com,doctor
343,Angelique,Allys,Angelique.Allys@yopmail.com,Angelique.Allys@gmail.com,police officer
344,Berget,Adalbert,Berget.Adalbert@yopmail.com,Berget.Adalbert@gmail.com,doctor
345,Gale,Izaak,Gale.Izaak@yopmail.com,Gale.Izaak@gmail.com,worker
346,Marinna,Corrine,Marinna.Corrine@yopmail.com,Marinna.Corrine@gmail.com,worker
347,Tonia,Zuzana,Tonia.Zuzana@yopmail.com,Tonia.Zuzana@gmail.com,firefighter
348,Leeanne,Mata,Leeanne.Mata@yopmail.com,Leeanne.Mata@gmail.com,doctor
349,Carmencita,Pernick,Carmencita.Pernick@yopmail.com,Carmencita.Pernick@gmail.com,doctor
350,Modestia,Helfand,Modestia.Helfand@yopmail.com,Modestia.Helfand@gmail.com,police officer
351,Louella,Old,Louella.Old@yopmail.com,Louella.Old@gmail.com,police officer
352,Latisha,Othilia,Latisha.Othilia@yopmail.com,Latisha.Othilia@gmail.com,worker
353,Ericka,Gombach,Ericka.Gombach@yopmail.com,Ericka.Gombach@gmail.com,police officer
354,Kamilah,Jess,Kamilah.Jess@yopmail.com,Kamilah.Jess@gmail.com,doctor
355,Mathilda,Pulsifer,Mathilda.Pulsifer@yopmail.com,Mathilda.Pulsifer@gmail.com,developer
356,Berget,Deegan,Berget.Deegan@yopmail.com,Berget.Deegan@gmail.com,police officer
357,Mignon,Donoghue,Mignon.Donoghue@yopmail.com,Mignon.Donoghue@gmail.com,worker
358,Vivia,Arathorn,Vivia.Arathorn@yopmail.com,Vivia.Arathorn@gmail.com,doctor
359,Tierney,Rese,Tierney.Rese@yopmail.com,Tierney.Rese@gmail.com,doctor
360,Eadie,Malvino,Eadie.Malvino@yopmail.com,Eadie.Malvino@gmail.com,worker
361,Lesly,Kermit,Lesly.Kermit@yopmail.com,Lesly.Kermit@gmail.com,worker
362,Vita,Tristram,Vita.Tristram@yopmail.com,Vita.Tristram@gmail.com,police officer
363,Jan,Alva,Jan.Alva@yopmail.com,Jan.Alva@gmail.com,police officer
364,Ernesta,Aprile,Ernesta.Aprile@yopmail.com,Ernesta.Aprile@gmail.com,police officer
365,Rosaline,Yoko,Rosaline.Yoko@yopmail.com,Rosaline.Yoko@gmail.com,doctor
366,Clarice,Plato,Clarice.Plato@yopmail.com,Clarice.Plato@gmail.com,doctor
367,Gerianna,Ellord,Gerianna.Ellord@yopmail.com,Gerianna.Ellord@gmail.com,firefighter
368,Veda,Tybald,Veda.Tybald@yopmail.com,Veda.Tybald@gmail.com,firefighter
369,Gabi,Saint,Gabi.Saint@yopmail.com,Gabi.Saint@gmail.com,police officer
370,Ashlee,Nelsen,Ashlee.Nelsen@yopmail.com,Ashlee.Nelsen@gmail.com,worker
371,Ofilia,Mozelle,Ofilia.Mozelle@yopmail.com,Ofilia.Mozelle@gmail.com,doctor
372,Chickie,Thornburg,Chickie.Thornburg@yopmail.com,Chickie.Thornburg@gmail.com,developer
373,Marinna,Cullin,Marinna.Cullin@yopmail.com,Marinna.Cullin@gmail.com,doctor
374,Clo,Jobi,Clo.Jobi@yopmail.com,Clo.Jobi@gmail.com,doctor
375,Robbi,Poll,Robbi.Poll@yopmail.com,Robbi.Poll@gmail.com,worker
376,Brietta,Birdella,Brietta.Birdella@yopmail.com,Brietta.Birdella@gmail.com,police officer
377,Edyth,Ioab,Edyth.Ioab@yopmail.com,Edyth.Ioab@gmail.com,firefighter
378,Shandie,Cavan,Shandie.Cavan@yopmail.com,Shandie.Cavan@gmail.com,doctor
379,Susette,Hollingsworth,Susette.Hollingsworth@yopmail.com,Susette.Hollingsworth@gmail.com,firefighter
380,Brynna,Fink,Brynna.Fink@yopmail.com,Brynna.Fink@gmail.com,police officer
381,Jacenta,Bow,Jacenta.Bow@yopmail.com,Jacenta.Bow@gmail.com,doctor
382,Corene,Thad,Corene.Thad@yopmail.com,Corene.Thad@gmail.com,doctor
383,Vita,Belldas,Vita.Belldas@yopmail.com,Vita.Belldas@gmail.com,doctor
384,Edee,Rugen,Edee.Rugen@yopmail.com,Edee.Rugen@gmail.com,worker
385,Starla,Ball,Starla.Ball@yopmail.com,Starla.Ball@gmail.com,firefighter
386,Bettine,Montgomery,Bettine.Montgomery@yopmail.com,Bettine.Montgomery@gmail.com,doctor
387,Alex,Gombach,Alex.Gombach@yopmail.com,Alex.Gombach@gmail.com,doctor
388,Sabina,Fillbert,Sabina.Fillbert@yopmail.com,Sabina.Fillbert@gmail.com,doctor
389,Leona,Swanhildas,Leona.Swanhildas@yopmail.com,Leona.Swanhildas@gmail.com,firefighter
390,Ada,Papageno,Ada.Papageno@yopmail.com,Ada.Papageno@gmail.com,worker
391,Augustine,Maribeth,Augustine.Maribeth@yopmail.com,Augustine.Maribeth@gmail.com,doctor
392,Johna,Tybald,Johna.Tybald@yopmail.com,Johna.Tybald@gmail.com,doctor
393,Carmela,O'Carroll,Carmela.O'Carroll@yopmail.com,Carmela.O'Carroll@gmail.com,doctor
394,Fina,Read,Fina.Read@yopmail.com,Fina.Read@gmail.com,police officer
395,Daune,Kalinda,Daune.Kalinda@yopmail.com,Daune.Kalinda@gmail.com,police officer
396,Keelia,Marlie,Keelia.Marlie@yopmail.com,Keelia.Marlie@gmail.com,police officer
397,Dacia,Glenden,Dacia.Glenden@yopmail.com,Dacia.Glenden@gmail.com,worker
398,Pamella,Lacombe,Pamella.Lacombe@yopmail.com,Pamella.Lacombe@gmail.com,developer
399,Ketti,Johanna,Ketti.Johanna@yopmail.com,Ketti.Johanna@gmail.com,developer
400,Kara-Lynn,Orelee,Kara-Lynn.Orelee@yopmail.com,Kara-Lynn.Orelee@gmail.com,developer
401,Anestassia,Ferino,Anestassia.Ferino@yopmail.com,Anestassia.Ferino@gmail.com,police officer
402,Shel,Phi,Shel.Phi@yopmail.com,Shel.Phi@gmail.com,police officer
403,Paola,Boehike,Paola.Boehike@yopmail.com,Paola.Boehike@gmail.com,worker
404,Iseabal,Delacourt,Iseabal.Delacourt@yopmail.com,Iseabal.Delacourt@gmail.com,worker
405,Rayna,Karylin,Rayna.Karylin@yopmail.com,Rayna.Karylin@gmail.com,firefighter
406,Grier,Dash,Grier.Dash@yopmail.com,Grier.Dash@gmail.com,worker
407,Adelle,Yerkovich,Adelle.Yerkovich@yopmail.com,Adelle.Yerkovich@gmail.com,firefighter
408,Kittie,Byrne,Kittie.Byrne@yopmail.com,Kittie.Byrne@gmail.com,doctor
409,Judy,Bord,Judy.Bord@yopmail.com,Judy.Bord@gmail.com,firefighter
410,Leia,Joseph,Leia.Joseph@yopmail.com,Leia.Joseph@gmail.com,worker
411,Dolli,My,Dolli.My@yopmail.com,Dolli.My@gmail.com,police officer
412,Phylis,Christal,Phylis.Christal@yopmail.com,Phylis.Christal@gmail.com,worker
413,Lily,Demitria,Lily.Demitria@yopmail.com,Lily.Demitria@gmail.com,doctor
414,Larine,Wittie,Larine.Wittie@yopmail.com,Larine.Wittie@gmail.com,firefighter
415,Aaren,Dorcy,Aaren.Dorcy@yopmail.com,Aaren.Dorcy@gmail.com,police officer
416,Dianemarie,Vastah,Dianemarie.Vastah@yopmail.com,Dianemarie.Vastah@gmail.com,developer
417,Danika,Henrie,Danika.Henrie@yopmail.com,Danika.Henrie@gmail.com,developer
418,Barbi,Brenn,Barbi.Brenn@yopmail.com,Barbi.Brenn@gmail.com,developer
419,Belva,Ardra,Belva.Ardra@yopmail.com,Belva.Ardra@gmail.com,developer
420,Kirbee,Knowling,Kirbee.Knowling@yopmail.com,Kirbee.Knowling@gmail.com,doctor
421,Sheelagh,Breed,Sheelagh.Breed@yopmail.com,Sheelagh.Breed@gmail.com,police officer
422,Judy,Andrel,Judy.Andrel@yopmail.com,Judy.Andrel@gmail.com,worker
423,Arlina,Giule,Arlina.Giule@yopmail.com,Arlina.Giule@gmail.com,worker
424,Ermengarde,Raama,Ermengarde.Raama@yopmail.com,Ermengarde.Raama@gmail.com,firefighter
425,Cassondra,Capello,Cassondra.Capello@yopmail.com,Cassondra.Capello@gmail.com,doctor
426,Mara,Pozzy,Mara.Pozzy@yopmail.com,Mara.Pozzy@gmail.com,police officer
427,Gwyneth,Saree,Gwyneth.Saree@yopmail.com,Gwyneth.Saree@gmail.com,firefighter
428,Cherrita,Lea,Cherrita.Lea@yopmail.com,Cherrita.Lea@gmail.com,doctor
429,Sashenka,Orpah,Sashenka.Orpah@yopmail.com,Sashenka.Orpah@gmail.com,firefighter
430,Lonnie,Abbot,Lonnie.Abbot@yopmail.com,Lonnie.Abbot@gmail.com,worker
431,Winifred,Saint,Winifred.Saint@yopmail.com,Winifred.Saint@gmail.com,firefighter
432,Dede,Croix,Dede.Croix@yopmail.com,Dede.Croix@gmail.com,firefighter
433,Nariko,Federica,Nariko.Federica@yopmail.com,Nariko.Federica@gmail.com,worker
434,Madeleine,Decato,Madeleine.Decato@yopmail.com,Madeleine.Decato@gmail.com,firefighter
435,Lorenza,Chapland,Lorenza.Chapland@yopmail.com,Lorenza.Chapland@gmail.com,police officer
436,Gisela,Read,Gisela.Read@yopmail.com,Gisela.Read@gmail.com,police officer
437,Miquela,Kiersten,Miquela.Kiersten@yopmail.com,Miquela.Kiersten@gmail.com,worker
438,Dede,An,Dede.An@yopmail.com,Dede.An@gmail.com,doctor
439,Stephanie,Swigart,Stephanie.Swigart@yopmail.com,Stephanie.Swigart@gmail.com,developer
440,Ingrid,Buttaro,Ingrid.Buttaro@yopmail.com,Ingrid.Buttaro@gmail.com,doctor
441,Joelly,Marden,Joelly.Marden@yopmail.com,Joelly.Marden@gmail.com,doctor
442,Rosabelle,Lia,Rosabelle.Lia@yopmail.com,Rosabelle.Lia@gmail.com,developer
443,Marcy,Auberbach,Marcy.Auberbach@yopmail.com,Marcy.Auberbach@gmail.com,police officer
444,Zia,Casimir,Zia.Casimir@yopmail.com,Zia.Casimir@gmail.com,developer
445,Lauryn,Juliet,Lauryn.Juliet@yopmail.com,Lauryn.Juliet@gmail.com,developer
446,Jacenta,Lenny,Jacenta.Lenny@yopmail.com,Jacenta.Lenny@gmail.com,developer
447,Vonny,Dahlia,Vonny.Dahlia@yopmail.com,Vonny.Dahlia@gmail.com,doctor
448,Ermengarde,Vharat,Ermengarde.Vharat@yopmail.com,Ermengarde.Vharat@gmail.com,developer
449,Ebonee,Rurik,Ebonee.Rurik@yopmail.com,Ebonee.Rurik@gmail.com,firefighter
450,Abbie,Lory,Abbie.Lory@yopmail.com,Abbie.Lory@gmail.com,doctor
451,Pearline,Croix,Pearline.Croix@yopmail.com,Pearline.Croix@gmail.com,firefighter
452,Nonnah,Vivle,Nonnah.Vivle@yopmail.com,Nonnah.Vivle@gmail.com,doctor
453,Kellen,Munn,Kellen.Munn@yopmail.com,Kellen.Munn@gmail.com,worker
454,Kylynn,Thad,Kylynn.Thad@yopmail.com,Kylynn.Thad@gmail.com,developer
455,Taffy,Erlandson,Taffy.Erlandson@yopmail.com,Taffy.Erlandson@gmail.com,worker
456,Elsie,Kronfeld,Elsie.Kronfeld@yopmail.com,Elsie.Kronfeld@gmail.com,worker
457,Deloria,Raul,Deloria.Raul@yopmail.com,Deloria.Raul@gmail.com,doctor
458,Lorne,McClimans,Lorne.McClimans@yopmail.com,Lorne.McClimans@gmail.com,worker
459,Roberta,Papageno,Roberta.Papageno@yopmail.com,Roberta.Papageno@gmail.com,police officer
460,Jerry,Edison,Jerry.Edison@yopmail.com,Jerry.Edison@gmail.com,doctor
461,Susan,Tatianas,Susan.Tatianas@yopmail.com,Susan.Tatianas@gmail.com,worker
462,Sara-Ann,Rillings,Sara-Ann.Rillings@yopmail.com,Sara-Ann.Rillings@gmail.com,developer
463,Veda,Geffner,Veda.Geffner@yopmail.com,Veda.Geffner@gmail.com,firefighter
464,Maud,Keily,Maud.Keily@yopmail.com,Maud.Keily@gmail.com,worker
465,June,Carvey,June.Carvey@yopmail.com,June.Carvey@gmail.com,police officer
466,Celisse,Bethany,Celisse.Bethany@yopmail.com,Celisse.Bethany@gmail.com,police officer
467,Neila,Sawtelle,Neila.Sawtelle@yopmail.com,Neila.Sawtelle@gmail.com,developer
468,Odessa,Cimbura,Odessa.Cimbura@yopmail.com,Odessa.Cimbura@gmail.com,police officer
469,Ermengarde,Seagraves,Ermengarde.Seagraves@yopmail.com,Ermengarde.Seagraves@gmail.com,worker
470,Tracey,Craggie,Tracey.Craggie@yopmail.com,Tracey.Craggie@gmail.com,firefighter
471,Morganica,Hortensia,Morganica.Hortensia@yopmail.com,Morganica.Hortensia@gmail.com,worker
472,Elka,Brandice,Elka.Brandice@yopmail.com,Elka.Brandice@gmail.com,doctor
473,Liana,Tayib,Liana.Tayib@yopmail.com,Liana.Tayib@gmail.com,worker
474,Jennica,Lowry,Jennica.Lowry@yopmail.com,Jennica.Lowry@gmail.com,police officer
475,Pollyanna,Tatianas,Pollyanna.Tatianas@yopmail.com,Pollyanna.Tatianas@gmail.com,police officer
476,Joane,Sharl,Joane.Sharl@yopmail.com,Joane.Sharl@gmail.com,police officer
477,Karina,Telfer,Karina.Telfer@yopmail.com,Karina.Telfer@gmail.com,worker
478,Celestyna,Kenney,Celestyna.Kenney@yopmail.com,Celestyna.Kenney@gmail.com,doctor
479,Angelique,Bennie,Angelique.Bennie@yopmail.com,Angelique.Bennie@gmail.com,police officer
480,Lindie,Obed,Lindie.Obed@yopmail.com,Lindie.Obed@gmail.com,developer
481,Dacia,Janene,Dacia.Janene@yopmail.com,Dacia.Janene@gmail.com,developer
482,Desirae,Camden,Desirae.Camden@yopmail.com,Desirae.Camden@gmail.com,doctor
483,Bobbi,Emmaline,Bobbi.Emmaline@yopmail.com,Bobbi.Emmaline@gmail.com,doctor
484,Mireielle,Kylander,Mireielle.Kylander@yopmail.com,Mireielle.Kylander@gmail.com,worker
485,Agnese,Rosette,Agnese.Rosette@yopmail.com,Agnese.Rosette@gmail.com,worker
486,Justinn,Sancho,Justinn.Sancho@yopmail.com,Justinn.Sancho@gmail.com,police officer
487,Perry,Bakerman,Perry.Bakerman@yopmail.com,Perry.Bakerman@gmail.com,developer
488,Farrah,Garrison,Farrah.Garrison@yopmail.com,Farrah.Garrison@gmail.com,doctor
489,Corina,Burkle,Corina.Burkle@yopmail.com,Corina.Burkle@gmail.com,worker
490,Dode,Melony,Dode.Melony@yopmail.com,Dode.Melony@gmail.com,firefighter
491,Elyssa,Taam,Elyssa.Taam@yopmail.com,Elyssa.Taam@gmail.com,developer
492,Elvira,Lattie,Elvira.Lattie@yopmail.com,Elvira.Lattie@gmail.com,police officer
493,Emilia,Dimitris,Emilia.Dimitris@yopmail.com,Emilia.Dimitris@gmail.com,doctor
494,Louella,Koehler,Louella.Koehler@yopmail.com,Louella.Koehler@gmail.com,police officer
495,Brianna,Gino,Brianna.Gino@yopmail.com,Brianna.Gino@gmail.com,doctor
496,Leona,Gibbeon,Leona.Gibbeon@yopmail.com,Leona.Gibbeon@gmail.com,police officer
497,Blinni,Schlosser,Blinni.Schlosser@yopmail.com,Blinni.Schlosser@gmail.com,worker
498,Kellen,Seumas,Kellen.Seumas@yopmail.com,Kellen.Seumas@gmail.com,worker
499,Lorenza,Hieronymus,Lorenza.Hieronymus@yopmail.com,Lorenza.Hieronymus@gmail.com,doctor
500,Eugine,Afton,Eugine.Afton@yopmail.com,Eugine.Afton@gmail.com,firefighter
501,Livvyy,Lay,Livvyy.Lay@yopmail.com,Livvyy.Lay@gmail.com,worker
502,Kylynn,Hirsch,Kylynn.Hirsch@yopmail.com,Kylynn.Hirsch@gmail.com,police officer
503,Lisette,Ledah,Lisette.Ledah@yopmail.com,Lisette.Ledah@gmail.com,worker
504,Marline,Miru,Marline.Miru@yopmail.com,Marline.Miru@gmail.com,doctor
505,Gavrielle,Korey,Gavrielle.Korey@yopmail.com,Gavrielle.Korey@gmail.com,doctor
506,Shell,Jacqui,Shell.Jacqui@yopmail.com,Shell.Jacqui@gmail.com,developer
507,Trixi,Odysseus,Trixi.Odysseus@yopmail.com,Trixi.Odysseus@gmail.com,doctor
508,Clementine,Holbrook,Clementine.Holbrook@yopmail.com,Clementine.Holbrook@gmail.com,doctor
509,Carilyn,Fiann,Carilyn.Fiann@yopmail.com,Carilyn.Fiann@gmail.com,firefighter
510,Raina,Suzetta,Raina.Suzetta@yopmail.com,Raina.Suzetta@gmail.com,developer
511,Meghann,Cloris,Meghann.Cloris@yopmail.com,Meghann.Cloris@gmail.com,developer
512,Desirae,Gemini,Desirae.Gemini@yopmail.com,Desirae.Gemini@gmail.com,firefighter
513,Shaylyn,Monaco,Shaylyn.Monaco@yopmail.com,Shaylyn.Monaco@gmail.com,worker
514,Gui,Azeria,Gui.Azeria@yopmail.com,Gui.Azeria@gmail.com,firefighter
515,Sybille,Weaks,Sybille.Weaks@yopmail.com,Sybille.Weaks@gmail.com,firefighter
516,Edith,Rosemary,Edith.Rosemary@yopmail.com,Edith.Rosemary@gmail.com,worker
517,Layla,Jorgan,Layla.Jorgan@yopmail.com,Layla.Jorgan@gmail.com,developer
518,Belinda,Kolnick,Belinda.Kolnick@yopmail.com,Belinda.Kolnick@gmail.com,police officer
519,Cherilyn,Lipson,Cherilyn.Lipson@yopmail.com,Cherilyn.Lipson@gmail.com,firefighter
520,Giustina,Radu,Giustina.Radu@yopmail.com,Giustina.Radu@gmail.com,doctor
521,Ethel,Angelis,Ethel.Angelis@yopmail.com,Ethel.Angelis@gmail.com,worker
522,Pamella,Seessel,Pamella.Seessel@yopmail.com,Pamella.Seessel@gmail.com,developer
523,Catrina,Dichy,Catrina.Dichy@yopmail.com,Catrina.Dichy@gmail.com,developer
524,Lily,Armanda,Lily.Armanda@yopmail.com,Lily.Armanda@gmail.com,firefighter
525,Kaia,Whiffen,Kaia.Whiffen@yopmail.com,Kaia.Whiffen@gmail.com,worker
526,Lusa,Scammon,Lusa.Scammon@yopmail.com,Lusa.Scammon@gmail.com,developer
527,Benita,Zrike,Benita.Zrike@yopmail.com,Benita.Zrike@gmail.com,police officer
528,Korrie,Capello,Korrie.Capello@yopmail.com,Korrie.Capello@gmail.com,doctor
529,Annecorinne,Phaidra,Annecorinne.Phaidra@yopmail.com,Annecorinne.Phaidra@gmail.com,worker
530,Edyth,Eckblad,Edyth.Eckblad@yopmail.com,Edyth.Eckblad@gmail.com,police officer
531,Dagmar,Reidar,Dagmar.Reidar@yopmail.com,Dagmar.Reidar@gmail.com,worker
532,Kittie,Harned,Kittie.Harned@yopmail.com,Kittie.Harned@gmail.com,doctor
533,Cam,Lumbard,Cam.Lumbard@yopmail.com,Cam.Lumbard@gmail.com,police officer
534,Taffy,Center,Taffy.Center@yopmail.com,Taffy.Center@gmail.com,doctor
535,Celene,Zaslow,Celene.Zaslow@yopmail.com,Celene.Zaslow@gmail.com,police officer
536,Rori,Candy,Rori.Candy@yopmail.com,Rori.Candy@gmail.com,developer
537,Danika,Felecia,Danika.Felecia@yopmail.com,Danika.Felecia@gmail.com,worker
538,Yvonne,Alrich,Yvonne.Alrich@yopmail.com,Yvonne.Alrich@gmail.com,worker
539,Ottilie,Kirstin,Ottilie.Kirstin@yopmail.com,Ottilie.Kirstin@gmail.com,developer
540,Ann-Marie,Gaulin,Ann-Marie.Gaulin@yopmail.com,Ann-Marie.Gaulin@gmail.com,doctor
541,Mireielle,Vastah,Mireielle.Vastah@yopmail.com,Mireielle.Vastah@gmail.com,worker
542,Emelina,Chauncey,Emelina.Chauncey@yopmail.com,Emelina.Chauncey@gmail.com,developer
543,Elvira,Ursulette,Elvira.Ursulette@yopmail.com,Elvira.Ursulette@gmail.com,worker
544,Kalina,Fleeta,Kalina.Fleeta@yopmail.com,Kalina.Fleeta@gmail.com,police officer
545,Danny,Dex,Danny.Dex@yopmail.com,Danny.Dex@gmail.com,developer
546,Ida,Eiser,Ida.Eiser@yopmail.com,Ida.Eiser@gmail.com,police officer
547,Flo,Curren,Flo.Curren@yopmail.com,Flo.Curren@gmail.com,worker
548,Arlena,Lipson,Arlena.Lipson@yopmail.com,Arlena.Lipson@gmail.com,doctor
549,Elbertina,Grimbly,Elbertina.Grimbly@yopmail.com,Elbertina.Grimbly@gmail.com,police officer
550,Silvana,Lymann,Silvana.Lymann@yopmail.com,Silvana.Lymann@gmail.com,firefighter
551,Demetris,Etom,Demetris.Etom@yopmail.com,Demetris.Etom@gmail.com,worker
552,Jaclyn,Tjon,Jaclyn.Tjon@yopmail.com,Jaclyn.Tjon@gmail.com,firefighter
553,Cacilie,Muriel,Cacilie.Muriel@yopmail.com,Cacilie.Muriel@gmail.com,police officer
554,Sallie,My,Sallie.My@yopmail.com,Sallie.My@gmail.com,worker
555,Chandra,Shama,Chandra.Shama@yopmail.com,Chandra.Shama@gmail.com,developer
556,Maridel,Marisa,Maridel.Marisa@yopmail.com,Maridel.Marisa@gmail.com,developer
557,Wilma,Kolnick,Wilma.Kolnick@yopmail.com,Wilma.Kolnick@gmail.com,firefighter
558,Fanny,Dorcy,Fanny.Dorcy@yopmail.com,Fanny.Dorcy@gmail.com,police officer
559,Sandie,Jacobah,Sandie.Jacobah@yopmail.com,Sandie.Jacobah@gmail.com,worker
560,Fawne,Millda,Fawne.Millda@yopmail.com,Fawne.Millda@gmail.com,firefighter
561,Clo,Rhu,Clo.Rhu@yopmail.com,Clo.Rhu@gmail.com,firefighter
562,Meg,Lail,Meg.Lail@yopmail.com,Meg.Lail@gmail.com,firefighter
563,Myrtice,Emmaline,Myrtice.Emmaline@yopmail.com,Myrtice.Emmaline@gmail.com,firefighter
564,Lenna,Monaco,Lenna.Monaco@yopmail.com,Lenna.Monaco@gmail.com,worker
565,Peri,Munn,Peri.Munn@yopmail.com,Peri.Munn@gmail.com,police officer
566,Alyssa,Angelis,Alyssa.Angelis@yopmail.com,Alyssa.Angelis@gmail.com,firefighter
567,Liana,Erminia,Liana.Erminia@yopmail.com,Liana.Erminia@gmail.com,worker
568,Andree,Nedrud,Andree.Nedrud@yopmail.com,Andree.Nedrud@gmail.com,police officer
569,Xylina,Magdalen,Xylina.Magdalen@yopmail.com,Xylina.Magdalen@gmail.com,firefighter
570,Caritta,Merriott,Caritta.Merriott@yopmail.com,Caritta.Merriott@gmail.com,worker
571,Beth,Trace,Beth.Trace@yopmail.com,Beth.Trace@gmail.com,firefighter
572,Vere,Tomasina,Vere.Tomasina@yopmail.com,Vere.Tomasina@gmail.com,developer
573,Ann-Marie,Zaslow,Ann-Marie.Zaslow@yopmail.com,Ann-Marie.Zaslow@gmail.com,police officer
574,Molli,Lalitta,Molli.Lalitta@yopmail.com,Molli.Lalitta@gmail.com,developer
575,Winny,Markman,Winny.Markman@yopmail.com,Winny.Markman@gmail.com,firefighter
576,Tina,Halla,Tina.Halla@yopmail.com,Tina.Halla@gmail.com,firefighter
577,Millie,Cosenza,Millie.Cosenza@yopmail.com,Millie.Cosenza@gmail.com,police officer
578,Selia,Millda,Selia.Millda@yopmail.com,Selia.Millda@gmail.com,firefighter
579,Maud,Schonfeld,Maud.Schonfeld@yopmail.com,Maud.Schonfeld@gmail.com,worker
580,Judy,Lowry,Judy.Lowry@yopmail.com,Judy.Lowry@gmail.com,developer
581,Katleen,Heisel,Katleen.Heisel@yopmail.com,Katleen.Heisel@gmail.com,firefighter
582,Blinni,Mintz,Blinni.Mintz@yopmail.com,Blinni.Mintz@gmail.com,firefighter
583,Dominga,Nerita,Dominga.Nerita@yopmail.com,Dominga.Nerita@gmail.com,police officer
584,Louella,McCutcheon,Louella.McCutcheon@yopmail.com,Louella.McCutcheon@gmail.com,doctor
585,Elvira,Alrich,Elvira.Alrich@yopmail.com,Elvira.Alrich@gmail.com,police officer
586,Fidelia,Clara,Fidelia.Clara@yopmail.com,Fidelia.Clara@gmail.com,firefighter
587,Lizzie,Dorcy,Lizzie.Dorcy@yopmail.com,Lizzie.Dorcy@gmail.com,doctor
588,Dania,Gordon,Dania.Gordon@yopmail.com,Dania.Gordon@gmail.com,worker
589,Nannie,Sharl,Nannie.Sharl@yopmail.com,Nannie.Sharl@gmail.com,police officer
590,Romona,Means,Romona.Means@yopmail.com,Romona.Means@gmail.com,developer
591,Christy,Hieronymus,Christy.Hieronymus@yopmail.com,Christy.Hieronymus@gmail.com,worker
592,Vanessa,Brunell,Vanessa.Brunell@yopmail.com,Vanessa.Brunell@gmail.com,doctor
593,Ashlee,Sperling,Ashlee.Sperling@yopmail.com,Ashlee.Sperling@gmail.com,developer
594,Aimil,Wu,Aimil.Wu@yopmail.com,Aimil.Wu@gmail.com,doctor
595,Margarette,Kolnick,Margarette.Kolnick@yopmail.com,Margarette.Kolnick@gmail.com,firefighter
596,Olivette,Kaete,Olivette.Kaete@yopmail.com,Olivette.Kaete@gmail.com,doctor
597,Genevra,Velick,Genevra.Velick@yopmail.com,Genevra.Velick@gmail.com,worker
598,Clarice,Chesna,Clarice.Chesna@yopmail.com,Clarice.Chesna@gmail.com,doctor
599,Nataline,LaRue,Nataline.LaRue@yopmail.com,Nataline.LaRue@gmail.com,developer
600,Josephine,Hillel,Josephine.Hillel@yopmail.com,Josephine.Hillel@gmail.com,doctor
601,Delilah,Cordi,Delilah.Cordi@yopmail.com,Delilah.Cordi@gmail.com,worker
602,Brianna,Gamaliel,Brianna.Gamaliel@yopmail.com,Brianna.Gamaliel@gmail.com,police officer
603,Agathe,Keily,Agathe.Keily@yopmail.com,Agathe.Keily@gmail.com,firefighter
604,Sheree,Sikorski,Sheree.Sikorski@yopmail.com,Sheree.Sikorski@gmail.com,police officer
605,Adriana,Alice,Adriana.Alice@yopmail.com,Adriana.Alice@gmail.com,firefighter
606,Valera,Nelsen,Valera.Nelsen@yopmail.com,Valera.Nelsen@gmail.com,worker
607,Dawn,Thilda,Dawn.Thilda@yopmail.com,Dawn.Thilda@gmail.com,worker
608,Silvana,Kellby,Silvana.Kellby@yopmail.com,Silvana.Kellby@gmail.com,developer
609,Pearline,Wenda,Pearline.Wenda@yopmail.com,Pearline.Wenda@gmail.com,developer
610,Ivett,Bryna,Ivett.Bryna@yopmail.com,Ivett.Bryna@gmail.com,police officer
611,Ana,Vastah,Ana.Vastah@yopmail.com,Ana.Vastah@gmail.com,doctor
612,Meriel,Anselmi,Meriel.Anselmi@yopmail.com,Meriel.Anselmi@gmail.com,police officer
613,Gloria,Hanshaw,Gloria.Hanshaw@yopmail.com,Gloria.Hanshaw@gmail.com,developer
614,Meriel,Bollay,Meriel.Bollay@yopmail.com,Meriel.Bollay@gmail.com,developer
615,Liana,Lutero,Liana.Lutero@yopmail.com,Liana.Lutero@gmail.com,worker
616,Gretal,Sheedy,Gretal.Sheedy@yopmail.com,Gretal.Sheedy@gmail.com,worker
617,Elena,Virgin,Elena.Virgin@yopmail.com,Elena.Virgin@gmail.com,police officer
618,Meriel,Chinua,Meriel.Chinua@yopmail.com,Meriel.Chinua@gmail.com,developer
619,Merci,Wolfgram,Merci.Wolfgram@yopmail.com,Merci.Wolfgram@gmail.com,firefighter
620,Chastity,Pettiford,Chastity.Pettiford@yopmail.com,Chastity.Pettiford@gmail.com,developer
621,Malina,O'Neill,Malina.O'Neill@yopmail.com,Malina.O'Neill@gmail.com,developer
622,Raquela,Federica,Raquela.Federica@yopmail.com,Raquela.Federica@gmail.com,worker
623,Nananne,Ambrosia,Nananne.Ambrosia@yopmail.com,Nananne.Ambrosia@gmail.com,worker
624,Myriam,Hull,Myriam.Hull@yopmail.com,Myriam.Hull@gmail.com,developer
625,Susan,Cosenza,Susan.Cosenza@yopmail.com,Susan.Cosenza@gmail.com,developer
626,Harrietta,Ezar,Harrietta.Ezar@yopmail.com,Harrietta.Ezar@gmail.com,doctor
627,Cassandra,Bearnard,Cassandra.Bearnard@yopmail.com,Cassandra.Bearnard@gmail.com,worker
628,Jessy,Wyn,Jessy.Wyn@yopmail.com,Jessy.Wyn@gmail.com,firefighter
629,Minda,Greenwald,Minda.Greenwald@yopmail.com,Minda.Greenwald@gmail.com,doctor
630,Suzette,Abram,Suzette.Abram@yopmail.com,Suzette.Abram@gmail.com,firefighter
631,Arlina,O'Neill,Arlina.O'Neill@yopmail.com,Arlina.O'Neill@gmail.com,firefighter
632,Sissy,Bonilla,Sissy.Bonilla@yopmail.com,Sissy.Bonilla@gmail.com,police officer
633,Arabel,Durante,Arabel.Durante@yopmail.com,Arabel.Durante@gmail.com,police officer
634,Peri,Zaslow,Peri.Zaslow@yopmail.com,Peri.Zaslow@gmail.com,firefighter
635,Yvonne,Tristram,Yvonne.Tristram@yopmail.com,Yvonne.Tristram@gmail.com,doctor
636,Christal,Thomasina,Christal.Thomasina@yopmail.com,Christal.Thomasina@gmail.com,police officer
637,Norine,Bashemeth,Norine.Bashemeth@yopmail.com,Norine.Bashemeth@gmail.com,doctor
638,Meriel,Dash,Meriel.Dash@yopmail.com,Meriel.Dash@gmail.com,doctor
639,Isa,Poll,Isa.Poll@yopmail.com,Isa.Poll@gmail.com,worker
640,Lorenza,Yate,Lorenza.Yate@yopmail.com,Lorenza.Yate@gmail.com,firefighter
641,Thalia,Alwin,Thalia.Alwin@yopmail.com,Thalia.Alwin@gmail.com,police officer
642,Ida,Cloris,Ida.Cloris@yopmail.com,Ida.Cloris@gmail.com,firefighter
643,Damaris,Marden,Damaris.Marden@yopmail.com,Damaris.Marden@gmail.com,developer
644,Elka,Arquit,Elka.Arquit@yopmail.com,Elka.Arquit@gmail.com,developer
645,Annaliese,Ludewig,Annaliese.Ludewig@yopmail.com,Annaliese.Ludewig@gmail.com,doctor
646,Ariela,Leopold,Ariela.Leopold@yopmail.com,Ariela.Leopold@gmail.com,doctor
647,Cristabel,Naashom,Cristabel.Naashom@yopmail.com,Cristabel.Naashom@gmail.com,firefighter
648,Vere,Grosz,Vere.Grosz@yopmail.com,Vere.Grosz@gmail.com,developer
649,Elbertina,Nedrud,Elbertina.Nedrud@yopmail.com,Elbertina.Nedrud@gmail.com,developer
650,Ardys,Charity,Ardys.Charity@yopmail.com,Ardys.Charity@gmail.com,firefighter
651,Eve,Merell,Eve.Merell@yopmail.com,Eve.Merell@gmail.com,firefighter
652,Ginnie,Rugen,Ginnie.Rugen@yopmail.com,Ginnie.Rugen@gmail.com,doctor
653,Trixi,Robertson,Trixi.Robertson@yopmail.com,Trixi.Robertson@gmail.com,worker
654,Eve,Wu,Eve.Wu@yopmail.com,Eve.Wu@gmail.com,firefighter
655,Krystle,Skell,Krystle.Skell@yopmail.com,Krystle.Skell@gmail.com,worker
656,Dagmar,Giff,Dagmar.Giff@yopmail.com,Dagmar.Giff@gmail.com,firefighter
657,Jobi,Stevy,Jobi.Stevy@yopmail.com,Jobi.Stevy@gmail.com,firefighter
658,Lanae,Bluh,Lanae.Bluh@yopmail.com,Lanae.Bluh@gmail.com,developer
659,Flo,Darbie,Flo.Darbie@yopmail.com,Flo.Darbie@gmail.com,worker
660,Olwen,Vins,Olwen.Vins@yopmail.com,Olwen.Vins@gmail.com,police officer
661,Shell,Zachary,Shell.Zachary@yopmail.com,Shell.Zachary@gmail.com,developer
662,Roberta,Sigfrid,Roberta.Sigfrid@yopmail.com,Roberta.Sigfrid@gmail.com,police officer
663,Elmira,Garlinda,Elmira.Garlinda@yopmail.com,Elmira.Garlinda@gmail.com,firefighter
664,Stephanie,Guildroy,Stephanie.Guildroy@yopmail.com,Stephanie.Guildroy@gmail.com,firefighter
665,Brynna,Pillsbury,Brynna.Pillsbury@yopmail.com,Brynna.Pillsbury@gmail.com,police officer
666,Valera,Concha,Valera.Concha@yopmail.com,Valera.Concha@gmail.com,developer
667,Kimberley,Gilmour,Kimberley.Gilmour@yopmail.com,Kimberley.Gilmour@gmail.com,firefighter
668,Minne,Minetta,Minne.Minetta@yopmail.com,Minne.Minetta@gmail.com,worker
669,Malina,Manolo,Malina.Manolo@yopmail.com,Malina.Manolo@gmail.com,worker
670,Gaylene,Elisha,Gaylene.Elisha@yopmail.com,Gaylene.Elisha@gmail.com,doctor
671,Libbie,Janith,Libbie.Janith@yopmail.com,Libbie.Janith@gmail.com,police officer
672,Roxane,Haldas,Roxane.Haldas@yopmail.com,Roxane.Haldas@gmail.com,police officer
673,Antonietta,Sabella,Antonietta.Sabella@yopmail.com,Antonietta.Sabella@gmail.com,firefighter
674,Kalina,Karylin,Kalina.Karylin@yopmail.com,Kalina.Karylin@gmail.com,doctor
675,Cindelyn,Sigfrid,Cindelyn.Sigfrid@yopmail.com,Cindelyn.Sigfrid@gmail.com,worker
676,Ivett,Chapland,Ivett.Chapland@yopmail.com,Ivett.Chapland@gmail.com,worker
677,Dania,McClimans,Dania.McClimans@yopmail.com,Dania.McClimans@gmail.com,police officer
678,Sallie,Yorick,Sallie.Yorick@yopmail.com,Sallie.Yorick@gmail.com,firefighter
679,Dolli,Aurelio,Dolli.Aurelio@yopmail.com,Dolli.Aurelio@gmail.com,police officer
680,Lonnie,Silvan,Lonnie.Silvan@yopmail.com,Lonnie.Silvan@gmail.com,police officer
681,Elsie,Wooster,Elsie.Wooster@yopmail.com,Elsie.Wooster@gmail.com,police officer
682,Florencia,Hollingsworth,Florencia.Hollingsworth@yopmail.com,Florencia.Hollingsworth@gmail.com,police officer
683,Mara,Ogren,Mara.Ogren@yopmail.com,Mara.Ogren@gmail.com,firefighter
684,Linzy,Thornburg,Linzy.Thornburg@yopmail.com,Linzy.Thornburg@gmail.com,worker
685,Dulce,Juliet,Dulce.Juliet@yopmail.com,Dulce.Juliet@gmail.com,worker
686,Ethel,Janith,Ethel.Janith@yopmail.com,Ethel.Janith@gmail.com,developer
687,Rosabelle,Eliathas,Rosabelle.Eliathas@yopmail.com,Rosabelle.Eliathas@gmail.com,developer
688,Vivia,Emerson,Vivia.Emerson@yopmail.com,Vivia.Emerson@gmail.com,police officer
689,Shandie,Hazlett,Shandie.Hazlett@yopmail.com,Shandie.Hazlett@gmail.com,police officer
690,Cyndie,Infield,Cyndie.Infield@yopmail.com,Cyndie.Infield@gmail.com,developer
691,Rubie,Ezar,Rubie.Ezar@yopmail.com,Rubie.Ezar@gmail.com,developer
692,Annecorinne,Colp,Annecorinne.Colp@yopmail.com,Annecorinne.Colp@gmail.com,developer
693,Maryellen,Azeria,Maryellen.Azeria@yopmail.com,Maryellen.Azeria@gmail.com,worker
694,Beatriz,Hortensia,Beatriz.Hortensia@yopmail.com,Beatriz.Hortensia@gmail.com,firefighter
695,Dianemarie,Orpah,Dianemarie.Orpah@yopmail.com,Dianemarie.Orpah@gmail.com,firefighter
696,Hollie,Dunkin,Hollie.Dunkin@yopmail.com,Hollie.Dunkin@gmail.com,doctor
697,Shaylyn,Randene,Shaylyn.Randene@yopmail.com,Shaylyn.Randene@gmail.com,developer
698,Vanessa,Fennessy,Vanessa.Fennessy@yopmail.com,Vanessa.Fennessy@gmail.com,doctor
699,Charmaine,Isidore,Charmaine.Isidore@yopmail.com,Charmaine.Isidore@gmail.com,worker
700,Cathie,Rese,Cathie.Rese@yopmail.com,Cathie.Rese@gmail.com,developer
701,Evaleen,Howlyn,Evaleen.Howlyn@yopmail.com,Evaleen.Howlyn@gmail.com,developer
702,Riannon,Odell,Riannon.Odell@yopmail.com,Riannon.Odell@gmail.com,police officer
703,Letizia,Kamaria,Letizia.Kamaria@yopmail.com,Letizia.Kamaria@gmail.com,firefighter
704,Rhoda,Rooney,Rhoda.Rooney@yopmail.com,Rhoda.Rooney@gmail.com,police officer
705,Belva,Vernier,Belva.Vernier@yopmail.com,Belva.Vernier@gmail.com,police officer
706,Clary,Oneida,Clary.Oneida@yopmail.com,Clary.Oneida@gmail.com,police officer
707,Ilse,Means,Ilse.Means@yopmail.com,Ilse.Means@gmail.com,doctor
708,Gabi,Pacorro,Gabi.Pacorro@yopmail.com,Gabi.Pacorro@gmail.com,firefighter
709,Lonnie,Rugen,Lonnie.Rugen@yopmail.com,Lonnie.Rugen@gmail.com,doctor
710,Nelle,Lumbard,Nelle.Lumbard@yopmail.com,Nelle.Lumbard@gmail.com,firefighter
711,Darlleen,Guthrie,Darlleen.Guthrie@yopmail.com,Darlleen.Guthrie@gmail.com,worker
712,Carolina,Madelene,Carolina.Madelene@yopmail.com,Carolina.Madelene@gmail.com,firefighter
713,Nonnah,Andrel,Nonnah.Andrel@yopmail.com,Nonnah.Andrel@gmail.com,developer
714,Janey,Adrienne,Janey.Adrienne@yopmail.com,Janey.Adrienne@gmail.com,worker
715,Beverley,Bouchard,Beverley.Bouchard@yopmail.com,Beverley.Bouchard@gmail.com,developer
716,Shaylyn,Jalbert,Shaylyn.Jalbert@yopmail.com,Shaylyn.Jalbert@gmail.com,doctor
717,Robinia,Cleavland,Robinia.Cleavland@yopmail.com,Robinia.Cleavland@gmail.com,worker
718,Wynne,Rad,Wynne.Rad@yopmail.com,Wynne.Rad@gmail.com,police officer
719,Etta,Autrey,Etta.Autrey@yopmail.com,Etta.Autrey@gmail.com,police officer
720,Jemie,Lewes,Jemie.Lewes@yopmail.com,Jemie.Lewes@gmail.com,firefighter
721,Petronia,Sikorski,Petronia.Sikorski@yopmail.com,Petronia.Sikorski@gmail.com,police officer
722,Paola,Obed,Paola.Obed@yopmail.com,Paola.Obed@gmail.com,police officer
723,Kamilah,Hubert,Kamilah.Hubert@yopmail.com,Kamilah.Hubert@gmail.com,firefighter
724,Misha,Astra,Misha.Astra@yopmail.com,Misha.Astra@gmail.com,firefighter
725,Ileana,Ailyn,Ileana.Ailyn@yopmail.com,Ileana.Ailyn@gmail.com,worker
726,Paola,Rosette,Paola.Rosette@yopmail.com,Paola.Rosette@gmail.com,doctor
727,Ana,Daniele,Ana.Daniele@yopmail.com,Ana.Daniele@gmail.com,police officer
728,Allyce,Marden,Allyce.Marden@yopmail.com,Allyce.Marden@gmail.com,police officer
729,Cyndie,Edmund,Cyndie.Edmund@yopmail.com,Cyndie.Edmund@gmail.com,firefighter
730,Modestia,Duwalt,Modestia.Duwalt@yopmail.com,Modestia.Duwalt@gmail.com,doctor
731,Brianna,Shields,Brianna.Shields@yopmail.com,Brianna.Shields@gmail.com,firefighter
732,Betta,Mandler,Betta.Mandler@yopmail.com,Betta.Mandler@gmail.com,police officer
733,Melodie,Tippets,Melodie.Tippets@yopmail.com,Melodie.Tippets@gmail.com,firefighter
734,Yvonne,Berne,Yvonne.Berne@yopmail.com,Yvonne.Berne@gmail.com,firefighter
735,Barbi,Raimondo,Barbi.Raimondo@yopmail.com,Barbi.Raimondo@gmail.com,firefighter
736,Helsa,Taam,Helsa.Taam@yopmail.com,Helsa.Taam@gmail.com,developer
737,Tami,Wallis,Tami.Wallis@yopmail.com,Tami.Wallis@gmail.com,worker
738,Moyna,Gerge,Moyna.Gerge@yopmail.com,Moyna.Gerge@gmail.com,doctor
739,Tabbatha,Schlosser,Tabbatha.Schlosser@yopmail.com,Tabbatha.Schlosser@gmail.com,firefighter
740,Evaleen,Bearnard,Evaleen.Bearnard@yopmail.com,Evaleen.Bearnard@gmail.com,developer
741,Maisey,Ietta,Maisey.Ietta@yopmail.com,Maisey.Ietta@gmail.com,doctor
742,Maud,Travax,Maud.Travax@yopmail.com,Maud.Travax@gmail.com,doctor
743,Sissy,Peti,Sissy.Peti@yopmail.com,Sissy.Peti@gmail.com,doctor
744,Roxane,Tarrant,Roxane.Tarrant@yopmail.com,Roxane.Tarrant@gmail.com,developer
745,Cacilie,Kunin,Cacilie.Kunin@yopmail.com,Cacilie.Kunin@gmail.com,worker
746,Bertine,Eldrid,Bertine.Eldrid@yopmail.com,Bertine.Eldrid@gmail.com,developer
747,Stevana,Jacqui,Stevana.Jacqui@yopmail.com,Stevana.Jacqui@gmail.com,police officer
748,Fayre,Eliathas,Fayre.Eliathas@yopmail.com,Fayre.Eliathas@gmail.com,firefighter
749,Babita,Poll,Babita.Poll@yopmail.com,Babita.Poll@gmail.com,doctor
750,Etta,Pip,Etta.Pip@yopmail.com,Etta.Pip@gmail.com,worker
751,Romona,Federica,Romona.Federica@yopmail.com,Romona.Federica@gmail.com,police officer
752,Dawn,Lattie,Dawn.Lattie@yopmail.com,Dawn.Lattie@gmail.com,police officer
753,Korrie,Noelyn,Korrie.Noelyn@yopmail.com,Korrie.Noelyn@gmail.com,developer
754,Ninnetta,Genna,Ninnetta.Genna@yopmail.com,Ninnetta.Genna@gmail.com,worker
755,Kellen,Adrienne,Kellen.Adrienne@yopmail.com,Kellen.Adrienne@gmail.com,firefighter
756,Jillayne,Merriott,Jillayne.Merriott@yopmail.com,Jillayne.Merriott@gmail.com,worker
757,Ardenia,Sammons,Ardenia.Sammons@yopmail.com,Ardenia.Sammons@gmail.com,developer
758,Jere,Genna,Jere.Genna@yopmail.com,Jere.Genna@gmail.com,police officer
759,Caritta,Maroney,Caritta.Maroney@yopmail.com,Caritta.Maroney@gmail.com,police officer
760,Rhea,Wilkinson,Rhea.Wilkinson@yopmail.com,Rhea.Wilkinson@gmail.com,doctor
761,Tobe,Niccolo,Tobe.Niccolo@yopmail.com,Tobe.Niccolo@gmail.com,doctor
762,Margarette,Michella,Margarette.Michella@yopmail.com,Margarette.Michella@gmail.com,police officer
763,Luci,Mandler,Luci.Mandler@yopmail.com,Luci.Mandler@gmail.com,developer
764,Susan,Schwejda,Susan.Schwejda@yopmail.com,Susan.Schwejda@gmail.com,worker
765,Nita,Alisia,Nita.Alisia@yopmail.com,Nita.Alisia@gmail.com,doctor
766,Christian,Hessler,Christian.Hessler@yopmail.com,Christian.Hessler@gmail.com,doctor
767,Alleen,Zamora,Alleen.Zamora@yopmail.com,Alleen.Zamora@gmail.com,firefighter
768,Modestia,Poll,Modestia.Poll@yopmail.com,Modestia.Poll@gmail.com,doctor
769,Marnia,Francene,Marnia.Francene@yopmail.com,Marnia.Francene@gmail.com,worker
770,Marcelline,Allys,Marcelline.Allys@yopmail.com,Marcelline.Allys@gmail.com,worker
771,Kaja,Larochelle,Kaja.Larochelle@yopmail.com,Kaja.Larochelle@gmail.com,police officer
772,Atlanta,Avi,Atlanta.Avi@yopmail.com,Atlanta.Avi@gmail.com,worker
773,Valli,Eckblad,Valli.Eckblad@yopmail.com,Valli.Eckblad@gmail.com,police officer
774,Ilse,Ovid,Ilse.Ovid@yopmail.com,Ilse.Ovid@gmail.com,developer
775,Juliane,Daegal,Juliane.Daegal@yopmail.com,Juliane.Daegal@gmail.com,doctor
776,Xylina,McCutcheon,Xylina.McCutcheon@yopmail.com,Xylina.McCutcheon@gmail.com,doctor
777,Gratia,Dearborn,Gratia.Dearborn@yopmail.com,Gratia.Dearborn@gmail.com,worker
778,Leanna,Danby,Leanna.Danby@yopmail.com,Leanna.Danby@gmail.com,police officer
779,Ida,Zina,Ida.Zina@yopmail.com,Ida.Zina@gmail.com,doctor
780,Luci,Dudley,Luci.Dudley@yopmail.com,Luci.Dudley@gmail.com,police officer
781,Goldie,Voletta,Goldie.Voletta@yopmail.com,Goldie.Voletta@gmail.com,doctor
782,Codie,Wadell,Codie.Wadell@yopmail.com,Codie.Wadell@gmail.com,worker
783,Alameda,Glenden,Alameda.Glenden@yopmail.com,Alameda.Glenden@gmail.com,developer
784,Demetris,Fiester,Demetris.Fiester@yopmail.com,Demetris.Fiester@gmail.com,police officer
785,Teddie,Kamaria,Teddie.Kamaria@yopmail.com,Teddie.Kamaria@gmail.com,doctor
786,Emylee,Brackely,Emylee.Brackely@yopmail.com,Emylee.Brackely@gmail.com,firefighter
787,Margalo,Roscoe,Margalo.Roscoe@yopmail.com,Margalo.Roscoe@gmail.com,firefighter
788,Tracey,Nance,Tracey.Nance@yopmail.com,Tracey.Nance@gmail.com,doctor
789,Fawne,Holbrook,Fawne.Holbrook@yopmail.com,Fawne.Holbrook@gmail.com,doctor
790,June,Zachary,June.Zachary@yopmail.com,June.Zachary@gmail.com,firefighter
791,Brynna,Yerkovich,Brynna.Yerkovich@yopmail.com,Brynna.Yerkovich@gmail.com,doctor
792,Jacenta,Cosenza,Jacenta.Cosenza@yopmail.com,Jacenta.Cosenza@gmail.com,doctor
793,Robbi,Mott,Robbi.Mott@yopmail.com,Robbi.Mott@gmail.com,worker
794,June,Chinua,June.Chinua@yopmail.com,June.Chinua@gmail.com,doctor
795,Jenilee,Ellord,Jenilee.Ellord@yopmail.com,Jenilee.Ellord@gmail.com,police officer
796,Ayn,Glenden,Ayn.Glenden@yopmail.com,Ayn.Glenden@gmail.com,worker
797,Elbertina,Thomasina,Elbertina.Thomasina@yopmail.com,Elbertina.Thomasina@gmail.com,developer
798,Layla,Loring,Layla.Loring@yopmail.com,Layla.Loring@gmail.com,developer
799,Talya,Harriman,Talya.Harriman@yopmail.com,Talya.Harriman@gmail.com,worker
800,Demetris,Strephon,Demetris.Strephon@yopmail.com,Demetris.Strephon@gmail.com,police officer
801,Claresta,Arne,Claresta.Arne@yopmail.com,Claresta.Arne@gmail.com,worker
802,Nonnah,Dorine,Nonnah.Dorine@yopmail.com,Nonnah.Dorine@gmail.com,police officer
803,Quintina,Claudine,Quintina.Claudine@yopmail.com,Quintina.Claudine@gmail.com,police officer
804,Florie,Bury,Florie.Bury@yopmail.com,Florie.Bury@gmail.com,firefighter
805,Gale,Izaak,Gale.Izaak@yopmail.com,Gale.Izaak@gmail.com,doctor
806,Siana,Wolfgram,Siana.Wolfgram@yopmail.com,Siana.Wolfgram@gmail.com,police officer
807,Mellicent,Kendrick,Mellicent.Kendrick@yopmail.com,Mellicent.Kendrick@gmail.com,firefighter
808,Benita,Kelula,Benita.Kelula@yopmail.com,Benita.Kelula@gmail.com,doctor
809,Arlena,Rad,Arlena.Rad@yopmail.com,Arlena.Rad@gmail.com,doctor
810,Nannie,Vastah,Nannie.Vastah@yopmail.com,Nannie.Vastah@gmail.com,worker
811,Kirbee,Durware,Kirbee.Durware@yopmail.com,Kirbee.Durware@gmail.com,police officer
812,Caressa,Kiyoshi,Caressa.Kiyoshi@yopmail.com,Caressa.Kiyoshi@gmail.com,developer
813,Peri,Bouchard,Peri.Bouchard@yopmail.com,Peri.Bouchard@gmail.com,doctor
814,Emilia,Berl,Emilia.Berl@yopmail.com,Emilia.Berl@gmail.com,police officer
815,Alejandra,Atcliffe,Alejandra.Atcliffe@yopmail.com,Alejandra.Atcliffe@gmail.com,worker
816,Diena,Stover,Diena.Stover@yopmail.com,Diena.Stover@gmail.com,police officer
817,Adore,Fink,Adore.Fink@yopmail.com,Adore.Fink@gmail.com,developer
818,Dawn,Phyllis,Dawn.Phyllis@yopmail.com,Dawn.Phyllis@gmail.com,police officer
819,Hope,Millda,Hope.Millda@yopmail.com,Hope.Millda@gmail.com,police officer
820,Angelique,Goldina,Angelique.Goldina@yopmail.com,Angelique.Goldina@gmail.com,firefighter
821,Pamella,Arley,Pamella.Arley@yopmail.com,Pamella.Arley@gmail.com,developer
822,Aili,Fitzsimmons,Aili.Fitzsimmons@yopmail.com,Aili.Fitzsimmons@gmail.com,doctor
823,Emilia,Taam,Emilia.Taam@yopmail.com,Emilia.Taam@gmail.com,firefighter
824,Julieta,Amadas,Julieta.Amadas@yopmail.com,Julieta.Amadas@gmail.com,developer
825,Bobinette,Jess,Bobinette.Jess@yopmail.com,Bobinette.Jess@gmail.com,firefighter
826,Belva,Couture,Belva.Couture@yopmail.com,Belva.Couture@gmail.com,police officer
827,Sharai,Bobbee,Sharai.Bobbee@yopmail.com,Sharai.Bobbee@gmail.com,worker
828,Sandie,Erich,Sandie.Erich@yopmail.com,Sandie.Erich@gmail.com,police officer
829,Kirstin,Ioab,Kirstin.Ioab@yopmail.com,Kirstin.Ioab@gmail.com,police officer
830,Marti,Federica,Marti.Federica@yopmail.com,Marti.Federica@gmail.com,firefighter
831,Wileen,Kimmie,Wileen.Kimmie@yopmail.com,Wileen.Kimmie@gmail.com,doctor
832,Nickie,Yerkovich,Nickie.Yerkovich@yopmail.com,Nickie.Yerkovich@gmail.com,doctor
833,Vevay,Leffen,Vevay.Leffen@yopmail.com,Vevay.Leffen@gmail.com,doctor
834,Adriana,Emanuel,Adriana.Emanuel@yopmail.com,Adriana.Emanuel@gmail.com,police officer
835,Valeda,Lanita,Valeda.Lanita@yopmail.com,Valeda.Lanita@gmail.com,firefighter
836,Vanessa,Rebecka,Vanessa.Rebecka@yopmail.com,Vanessa.Rebecka@gmail.com,police officer
837,Meg,Berriman,Meg.Berriman@yopmail.com,Meg.Berriman@gmail.com,developer
838,Doralynne,Cottle,Doralynne.Cottle@yopmail.com,Doralynne.Cottle@gmail.com,firefighter
839,Aryn,Agle,Aryn.Agle@yopmail.com,Aryn.Agle@gmail.com,firefighter
840,Selma,Nickola,Selma.Nickola@yopmail.com,Selma.Nickola@gmail.com,police officer
841,Janeczka,Olin,Janeczka.Olin@yopmail.com,Janeczka.Olin@gmail.com,developer
842,Nicoli,Stoller,Nicoli.Stoller@yopmail.com,Nicoli.Stoller@gmail.com,doctor
843,Dania,Yerkovich,Dania.Yerkovich@yopmail.com,Dania.Yerkovich@gmail.com,developer
844,Kayla,Lenny,Kayla.Lenny@yopmail.com,Kayla.Lenny@gmail.com,worker
845,Ardys,Bennie,Ardys.Bennie@yopmail.com,Ardys.Bennie@gmail.com,firefighter
846,Zia,Peg,Zia.Peg@yopmail.com,Zia.Peg@gmail.com,police officer
847,Minda,Ashely,Minda.Ashely@yopmail.com,Minda.Ashely@gmail.com,developer
848,Roxane,Lymann,Roxane.Lymann@yopmail.com,Roxane.Lymann@gmail.com,worker
849,Ottilie,Sawtelle,Ottilie.Sawtelle@yopmail.com,Ottilie.Sawtelle@gmail.com,worker
850,Alameda,Wattenberg,Alameda.Wattenberg@yopmail.com,Alameda.Wattenberg@gmail.com,police officer
851,Concettina,Yerkovich,Concettina.Yerkovich@yopmail.com,Concettina.Yerkovich@gmail.com,police officer
852,Paola,Prouty,Paola.Prouty@yopmail.com,Paola.Prouty@gmail.com,worker
853,Jasmina,Leonard,Jasmina.Leonard@yopmail.com,Jasmina.Leonard@gmail.com,doctor
854,Kirbee,Montgomery,Kirbee.Montgomery@yopmail.com,Kirbee.Montgomery@gmail.com,developer
855,Jolyn,Ludewig,Jolyn.Ludewig@yopmail.com,Jolyn.Ludewig@gmail.com,firefighter
856,Stevana,Malvino,Stevana.Malvino@yopmail.com,Stevana.Malvino@gmail.com,firefighter
857,Viki,Marisa,Viki.Marisa@yopmail.com,Viki.Marisa@gmail.com,police officer
858,Carly,Zenas,Carly.Zenas@yopmail.com,Carly.Zenas@gmail.com,police officer
859,Alex,Kunin,Alex.Kunin@yopmail.com,Alex.Kunin@gmail.com,developer
860,Lucille,Cristi,Lucille.Cristi@yopmail.com,Lucille.Cristi@gmail.com,firefighter
861,Catrina,Mayeda,Catrina.Mayeda@yopmail.com,Catrina.Mayeda@gmail.com,firefighter
862,Roberta,Mehalek,Roberta.Mehalek@yopmail.com,Roberta.Mehalek@gmail.com,worker
863,Helsa,MacIntosh,Helsa.MacIntosh@yopmail.com,Helsa.MacIntosh@gmail.com,worker
864,Dennie,Toor,Dennie.Toor@yopmail.com,Dennie.Toor@gmail.com,firefighter
865,Nicoli,Yam,Nicoli.Yam@yopmail.com,Nicoli.Yam@gmail.com,worker
866,Sara-Ann,Lymann,Sara-Ann.Lymann@yopmail.com,Sara-Ann.Lymann@gmail.com,doctor
867,Maud,Leary,Maud.Leary@yopmail.com,Maud.Leary@gmail.com,doctor
868,Karena,Gavrila,Karena.Gavrila@yopmail.com,Karena.Gavrila@gmail.com,firefighter
869,Magdalena,Catie,Magdalena.Catie@yopmail.com,Magdalena.Catie@gmail.com,firefighter
870,Felice,Ader,Felice.Ader@yopmail.com,Felice.Ader@gmail.com,firefighter
871,Kimberley,Goode,Kimberley.Goode@yopmail.com,Kimberley.Goode@gmail.com,firefighter
872,Constance,Koehler,Constance.Koehler@yopmail.com,Constance.Koehler@gmail.com,developer
873,Cassandra,Loleta,Cassandra.Loleta@yopmail.com,Cassandra.Loleta@gmail.com,doctor
874,Meg,Voletta,Meg.Voletta@yopmail.com,Meg.Voletta@gmail.com,worker
875,Gilligan,Kress,Gilligan.Kress@yopmail.com,Gilligan.Kress@gmail.com,doctor
876,Kassey,Lanita,Kassey.Lanita@yopmail.com,Kassey.Lanita@gmail.com,doctor
877,Pollyanna,Ammann,Pollyanna.Ammann@yopmail.com,Pollyanna.Ammann@gmail.com,doctor
878,Brietta,Rosalba,Brietta.Rosalba@yopmail.com,Brietta.Rosalba@gmail.com,firefighter
879,Candy,Aida,Candy.Aida@yopmail.com,Candy.Aida@gmail.com,developer
880,Nicoli,Vittoria,Nicoli.Vittoria@yopmail.com,Nicoli.Vittoria@gmail.com,developer
881,Gretal,Silvan,Gretal.Silvan@yopmail.com,Gretal.Silvan@gmail.com,developer
882,Carly,Alabaster,Carly.Alabaster@yopmail.com,Carly.Alabaster@gmail.com,worker
883,Ann-Marie,Ilka,Ann-Marie.Ilka@yopmail.com,Ann-Marie.Ilka@gmail.com,worker
884,Ada,Haerr,Ada.Haerr@yopmail.com,Ada.Haerr@gmail.com,developer
885,Henriette,Stoller,Henriette.Stoller@yopmail.com,Henriette.Stoller@gmail.com,doctor
886,Ariela,Faro,Ariela.Faro@yopmail.com,Ariela.Faro@gmail.com,developer
887,Corina,Maiah,Corina.Maiah@yopmail.com,Corina.Maiah@gmail.com,police officer
888,Brana,Turne,Brana.Turne@yopmail.com,Brana.Turne@gmail.com,doctor
889,Ruthe,Lacombe,Ruthe.Lacombe@yopmail.com,Ruthe.Lacombe@gmail.com,firefighter
890,Ericka,Miru,Ericka.Miru@yopmail.com,Ericka.Miru@gmail.com,firefighter
891,Nanete,Bethany,Nanete.Bethany@yopmail.com,Nanete.Bethany@gmail.com,firefighter
892,Nelle,Cosenza,Nelle.Cosenza@yopmail.com,Nelle.Cosenza@gmail.com,worker
893,Amii,Ramona,Amii.Ramona@yopmail.com,Amii.Ramona@gmail.com,worker
894,Helena,Wilkinson,Helena.Wilkinson@yopmail.com,Helena.Wilkinson@gmail.com,firefighter
895,Linzy,Cleavland,Linzy.Cleavland@yopmail.com,Linzy.Cleavland@gmail.com,worker
896,Consuela,Lindemann,Consuela.Lindemann@yopmail.com,Consuela.Lindemann@gmail.com,police officer
897,Laure,Hathaway,Laure.Hathaway@yopmail.com,Laure.Hathaway@gmail.com,police officer
898,Rochette,Grayce,Rochette.Grayce@yopmail.com,Rochette.Grayce@gmail.com,worker
899,Lelah,Bearnard,Lelah.Bearnard@yopmail.com,Lelah.Bearnard@gmail.com,doctor
900,Charissa,Jarib,Charissa.Jarib@yopmail.com,Charissa.Jarib@gmail.com,police officer
901,Hayley,Gaulin,Hayley.Gaulin@yopmail.com,Hayley.Gaulin@gmail.com,developer
902,Zaria,Read,Zaria.Read@yopmail.com,Zaria.Read@gmail.com,developer
903,Lily,Kirbee,Lily.Kirbee@yopmail.com,Lily.Kirbee@gmail.com,police officer
904,Celisse,Alexandr,Celisse.Alexandr@yopmail.com,Celisse.Alexandr@gmail.com,doctor
905,Dennie,Urias,Dennie.Urias@yopmail.com,Dennie.Urias@gmail.com,doctor
906,Delilah,Nore,Delilah.Nore@yopmail.com,Delilah.Nore@gmail.com,police officer
907,Hyacinthe,Sekofski,Hyacinthe.Sekofski@yopmail.com,Hyacinthe.Sekofski@gmail.com,worker
908,Florie,Morrill,Florie.Morrill@yopmail.com,Florie.Morrill@gmail.com,police officer
909,Kerrin,Dorothy,Kerrin.Dorothy@yopmail.com,Kerrin.Dorothy@gmail.com,firefighter
910,Gabi,Dowski,Gabi.Dowski@yopmail.com,Gabi.Dowski@gmail.com,doctor
911,Gavrielle,Cullin,Gavrielle.Cullin@yopmail.com,Gavrielle.Cullin@gmail.com,doctor
912,Fina,Charmine,Fina.Charmine@yopmail.com,Fina.Charmine@gmail.com,developer
913,Blondelle,Buckler,Blondelle.Buckler@yopmail.com,Blondelle.Buckler@gmail.com,firefighter
914,Wanda,Trace,Wanda.Trace@yopmail.com,Wanda.Trace@gmail.com,developer
915,Corry,Vivle,Corry.Vivle@yopmail.com,Corry.Vivle@gmail.com,firefighter
916,Melina,Sasnett,Melina.Sasnett@yopmail.com,Melina.Sasnett@gmail.com,doctor
917,Karena,Buckler,Karena.Buckler@yopmail.com,Karena.Buckler@gmail.com,developer
918,Berget,Rebecka,Berget.Rebecka@yopmail.com,Berget.Rebecka@gmail.com,developer
919,Beverley,Jerold,Beverley.Jerold@yopmail.com,Beverley.Jerold@gmail.com,worker
920,Helena,Taam,Helena.Taam@yopmail.com,Helena.Taam@gmail.com,developer
921,Fayre,Sharl,Fayre.Sharl@yopmail.com,Fayre.Sharl@gmail.com,worker
922,Meriel,Shaver,Meriel.Shaver@yopmail.com,Meriel.Shaver@gmail.com,firefighter
923,Danny,Girardo,Danny.Girardo@yopmail.com,Danny.Girardo@gmail.com,worker
924,Isa,Christine,Isa.Christine@yopmail.com,Isa.Christine@gmail.com,firefighter
925,Clarice,Jacinda,Clarice.Jacinda@yopmail.com,Clarice.Jacinda@gmail.com,developer
926,Zia,Payson,Zia.Payson@yopmail.com,Zia.Payson@gmail.com,developer
927,Dennie,Posner,Dennie.Posner@yopmail.com,Dennie.Posner@gmail.com,worker
928,Feliza,Irmine,Feliza.Irmine@yopmail.com,Feliza.Irmine@gmail.com,worker
929,Audrie,Malanie,Audrie.Malanie@yopmail.com,Audrie.Malanie@gmail.com,firefighter
930,Valeda,Crudden,Valeda.Crudden@yopmail.com,Valeda.Crudden@gmail.com,police officer
931,Steffane,Cavan,Steffane.Cavan@yopmail.com,Steffane.Cavan@gmail.com,worker
932,Dyann,Juan,Dyann.Juan@yopmail.com,Dyann.Juan@gmail.com,police officer
933,Joleen,Lamoree,Joleen.Lamoree@yopmail.com,Joleen.Lamoree@gmail.com,firefighter
934,Marinna,Garek,Marinna.Garek@yopmail.com,Marinna.Garek@gmail.com,firefighter
935,Margarette,Sinegold,Margarette.Sinegold@yopmail.com,Margarette.Sinegold@gmail.com,developer
936,Gusella,Bandeen,Gusella.Bandeen@yopmail.com,Gusella.Bandeen@gmail.com,police officer
937,Marsiella,Ax,Marsiella.Ax@yopmail.com,Marsiella.Ax@gmail.com,firefighter
938,Lenna,Viddah,Lenna.Viddah@yopmail.com,Lenna.Viddah@gmail.com,developer
939,Valera,Damarra,Valera.Damarra@yopmail.com,Valera.Damarra@gmail.com,police officer
940,Pierette,Yam,Pierette.Yam@yopmail.com,Pierette.Yam@gmail.com,firefighter
941,Tersina,Kosey,Tersina.Kosey@yopmail.com,Tersina.Kosey@gmail.com,firefighter
942,Paulita,Gaynor,Paulita.Gaynor@yopmail.com,Paulita.Gaynor@gmail.com,police officer
943,Aurore,Vittoria,Aurore.Vittoria@yopmail.com,Aurore.Vittoria@gmail.com,developer
944,Tarra,Salvidor,Tarra.Salvidor@yopmail.com,Tarra.Salvidor@gmail.com,developer
945,Grier,Gombach,Grier.Gombach@yopmail.com,Grier.Gombach@gmail.com,worker
946,Adelle,Albertine,Adelle.Albertine@yopmail.com,Adelle.Albertine@gmail.com,police officer
947,Tomasina,Stover,Tomasina.Stover@yopmail.com,Tomasina.Stover@gmail.com,police officer
948,Jessy,Ietta,Jessy.Ietta@yopmail.com,Jessy.Ietta@gmail.com,doctor
949,Evaleen,Kravits,Evaleen.Kravits@yopmail.com,Evaleen.Kravits@gmail.com,doctor
950,Kayla,Liva,Kayla.Liva@yopmail.com,Kayla.Liva@gmail.com,police officer
951,Monika,Elisha,Monika.Elisha@yopmail.com,Monika.Elisha@gmail.com,firefighter
952,Belinda,Minetta,Belinda.Minetta@yopmail.com,Belinda.Minetta@gmail.com,developer
953,Winny,Abram,Winny.Abram@yopmail.com,Winny.Abram@gmail.com,doctor
954,Orelia,Odell,Orelia.Odell@yopmail.com,Orelia.Odell@gmail.com,doctor
955,Tiffie,Raama,Tiffie.Raama@yopmail.com,Tiffie.Raama@gmail.com,firefighter
956,Liana,Mozelle,Liana.Mozelle@yopmail.com,Liana.Mozelle@gmail.com,developer
957,June,Nicoline,June.Nicoline@yopmail.com,June.Nicoline@gmail.com,developer
958,Lanae,Gusella,Lanae.Gusella@yopmail.com,Lanae.Gusella@gmail.com,worker
959,Lucy,Johanna,Lucy.Johanna@yopmail.com,Lucy.Johanna@gmail.com,worker
960,Belinda,Ovid,Belinda.Ovid@yopmail.com,Belinda.Ovid@gmail.com,doctor
961,Rosene,Pond,Rosene.Pond@yopmail.com,Rosene.Pond@gmail.com,worker
962,Eve,Schalles,Eve.Schalles@yopmail.com,Eve.Schalles@gmail.com,doctor
963,Paola,Jalbert,Paola.Jalbert@yopmail.com,Paola.Jalbert@gmail.com,doctor
964,Bernardine,Rhu,Bernardine.Rhu@yopmail.com,Bernardine.Rhu@gmail.com,firefighter
965,Viki,Bates,Viki.Bates@yopmail.com,Viki.Bates@gmail.com,worker
966,Thalia,Weaks,Thalia.Weaks@yopmail.com,Thalia.Weaks@gmail.com,developer
967,Leontine,Fiester,Leontine.Fiester@yopmail.com,Leontine.Fiester@gmail.com,worker
968,Violet,Ajay,Violet.Ajay@yopmail.com,Violet.Ajay@gmail.com,police officer
969,Veda,Hieronymus,Veda.Hieronymus@yopmail.com,Veda.Hieronymus@gmail.com,firefighter
970,Roseline,Justinn,Roseline.Justinn@yopmail.com,Roseline.Justinn@gmail.com,worker
971,Jacenta,Longfellow,Jacenta.Longfellow@yopmail.com,Jacenta.Longfellow@gmail.com,worker
972,Shell,Sammons,Shell.Sammons@yopmail.com,Shell.Sammons@gmail.com,firefighter
973,Dede,Juliet,Dede.Juliet@yopmail.com,Dede.Juliet@gmail.com,police officer
974,Marjie,Norvol,Marjie.Norvol@yopmail.com,Marjie.Norvol@gmail.com,firefighter
975,Tressa,Ezar,Tressa.Ezar@yopmail.com,Tressa.Ezar@gmail.com,firefighter
976,Stephanie,Ferrell,Stephanie.Ferrell@yopmail.com,Stephanie.Ferrell@gmail.com,worker
977,Margarette,Yorick,Margarette.Yorick@yopmail.com,Margarette.Yorick@gmail.com,worker
978,Jaclyn,Leopold,Jaclyn.Leopold@yopmail.com,Jaclyn.Leopold@gmail.com,worker
979,Ekaterina,Lail,Ekaterina.Lail@yopmail.com,Ekaterina.Lail@gmail.com,doctor
980,Harmonia,Arquit,Harmonia.Arquit@yopmail.com,Harmonia.Arquit@gmail.com,worker
981,Marinna,Gladstone,Marinna.Gladstone@yopmail.com,Marinna.Gladstone@gmail.com,firefighter
982,Eadie,Wilona,Eadie.Wilona@yopmail.com,Eadie.Wilona@gmail.com,developer
983,Selia,Marcellus,Selia.Marcellus@yopmail.com,Selia.Marcellus@gmail.com,developer
984,Leontine,Olin,Leontine.Olin@yopmail.com,Leontine.Olin@gmail.com,police officer
985,Ezmeralda,Imelida,Ezmeralda.Imelida@yopmail.com,Ezmeralda.Imelida@gmail.com,worker
986,Brandise,Phyllis,Brandise.Phyllis@yopmail.com,Brandise.Phyllis@gmail.com,developer
987,Annabela,Narton,Annabela.Narton@yopmail.com,Annabela.Narton@gmail.com,worker
988,Calla,Decato,Calla.Decato@yopmail.com,Calla.Decato@gmail.com,worker
989,Philis,Arquit,Philis.Arquit@yopmail.com,Philis.Arquit@gmail.com,worker
990,Ida,Boehike,Ida.Boehike@yopmail.com,Ida.Boehike@gmail.com,firefighter
991,Amara,Kylander,Amara.Kylander@yopmail.com,Amara.Kylander@gmail.com,developer
992,Vanessa,Forrer,Vanessa.Forrer@yopmail.com,Vanessa.Forrer@gmail.com,firefighter
993,Netty,Darian,Netty.Darian@yopmail.com,Netty.Darian@gmail.com,doctor
994,Ursulina,Tremayne,Ursulina.Tremayne@yopmail.com,Ursulina.Tremayne@gmail.com,doctor
995,Ada,Chaing,Ada.Chaing@yopmail.com,Ada.Chaing@gmail.com,doctor
996,Gilligan,Erskine,Gilligan.Erskine@yopmail.com,Gilligan.Erskine@gmail.com,developer
997,Florie,Bach,Florie.Bach@yopmail.com,Florie.Bach@gmail.com,developer
998,Emilia,Iphlgenia,Emilia.Iphlgenia@yopmail.com,Emilia.Iphlgenia@gmail.com,doctor
999,Carilyn,Kussell,Carilyn.Kussell@yopmail.com,Carilyn.Kussell@gmail.com,police officer
1000,Moyna,Paton,Moyna.Paton@yopmail.com,Moyna.Paton@gmail.com,worker
1001,Kimmy,Rubie,Kimmy.Rubie@yopmail.com,Kimmy.Rubie@gmail.com,doctor
1002,Ada,Korey,Ada.Korey@yopmail.com,Ada.Korey@gmail.com,firefighter
1003,Cassondra,Campball,Cassondra.Campball@yopmail.com,Cassondra.Campball@gmail.com,developer
1004,Halette,Forrer,Halette.Forrer@yopmail.com,Halette.Forrer@gmail.com,developer
1005,Leia,Rhu,Leia.Rhu@yopmail.com,Leia.Rhu@gmail.com,developer
1006,Dari,Tacye,Dari.Tacye@yopmail.com,Dari.Tacye@gmail.com,doctor
1007,Michaelina,Obed,Michaelina.Obed@yopmail.com,Michaelina.Obed@gmail.com,firefighter
1008,Tracey,Firmin,Tracey.Firmin@yopmail.com,Tracey.Firmin@gmail.com,firefighter
1009,Kirbee,Dielu,Kirbee.Dielu@yopmail.com,Kirbee.Dielu@gmail.com,doctor
1010,Modestia,Jary,Modestia.Jary@yopmail.com,Modestia.Jary@gmail.com,firefighter
1011,Binny,Peti,Binny.Peti@yopmail.com,Binny.Peti@gmail.com,worker
1012,Malina,Viddah,Malina.Viddah@yopmail.com,Malina.Viddah@gmail.com,police officer
1013,Caressa,Concha,Caressa.Concha@yopmail.com,Caressa.Concha@gmail.com,doctor
1014,Di,Eckblad,Di.Eckblad@yopmail.com,Di.Eckblad@gmail.com,firefighter
1015,Demetris,Yoko,Demetris.Yoko@yopmail.com,Demetris.Yoko@gmail.com,police officer
1016,Jessy,Eliathas,Jessy.Eliathas@yopmail.com,Jessy.Eliathas@gmail.com,worker
1017,Celisse,Vanni,Celisse.Vanni@yopmail.com,Celisse.Vanni@gmail.com,police officer
1018,Luci,Mintz,Luci.Mintz@yopmail.com,Luci.Mintz@gmail.com,doctor
1019,Kenna,Felecia,Kenna.Felecia@yopmail.com,Kenna.Felecia@gmail.com,worker
1020,Ana,Bearnard,Ana.Bearnard@yopmail.com,Ana.Bearnard@gmail.com,police officer
1021,Vevay,Gilmour,Vevay.Gilmour@yopmail.com,Vevay.Gilmour@gmail.com,police officer
1022,Priscilla,Donell,Priscilla.Donell@yopmail.com,Priscilla.Donell@gmail.com,worker
1023,Nananne,Uird,Nananne.Uird@yopmail.com,Nananne.Uird@gmail.com,doctor
1024,Nanete,Rolf,Nanete.Rolf@yopmail.com,Nanete.Rolf@gmail.com,worker
1025,Danika,Wenoa,Danika.Wenoa@yopmail.com,Danika.Wenoa@gmail.com,firefighter
1026,Roberta,Robertson,Roberta.Robertson@yopmail.com,Roberta.Robertson@gmail.com,developer
1027,Katuscha,Bettine,Katuscha.Bettine@yopmail.com,Katuscha.Bettine@gmail.com,doctor
1028,Judy,Amasa,Judy.Amasa@yopmail.com,Judy.Amasa@gmail.com,police officer
1029,Alie,Sisile,Alie.Sisile@yopmail.com,Alie.Sisile@gmail.com,firefighter
1030,Lucy,Jary,Lucy.Jary@yopmail.com,Lucy.Jary@gmail.com,firefighter
1031,Shandie,Seligman,Shandie.Seligman@yopmail.com,Shandie.Seligman@gmail.com,developer
1032,Sadie,Darian,Sadie.Darian@yopmail.com,Sadie.Darian@gmail.com,worker
1033,Georgina,Shama,Georgina.Shama@yopmail.com,Georgina.Shama@gmail.com,police officer
1034,Kristan,Posner,Kristan.Posner@yopmail.com,Kristan.Posner@gmail.com,worker
1035,Berta,Merna,Berta.Merna@yopmail.com,Berta.Merna@gmail.com,firefighter
1036,Lisette,Lilas,Lisette.Lilas@yopmail.com,Lisette.Lilas@gmail.com,developer
1037,Rochette,Hirsch,Rochette.Hirsch@yopmail.com,Rochette.Hirsch@gmail.com,firefighter
1038,Evita,Harned,Evita.Harned@yopmail.com,Evita.Harned@gmail.com,developer
1039,Bill,Bach,Bill.Bach@yopmail.com,Bill.Bach@gmail.com,doctor
1040,Cristabel,Susannah,Cristabel.Susannah@yopmail.com,Cristabel.Susannah@gmail.com,developer
1041,Henriette,Marcellus,Henriette.Marcellus@yopmail.com,Henriette.Marcellus@gmail.com,developer
1042,Petronia,Kellby,Petronia.Kellby@yopmail.com,Petronia.Kellby@gmail.com,doctor
1043,Wanda,Wesle,Wanda.Wesle@yopmail.com,Wanda.Wesle@gmail.com,police officer
1044,Oralee,Thad,Oralee.Thad@yopmail.com,Oralee.Thad@gmail.com,worker
1045,Vanessa,Rosette,Vanessa.Rosette@yopmail.com,Vanessa.Rosette@gmail.com,police officer
1046,Blake,Larochelle,Blake.Larochelle@yopmail.com,Blake.Larochelle@gmail.com,worker
1047,Genovera,Millda,Genovera.Millda@yopmail.com,Genovera.Millda@gmail.com,worker
1048,Jan,Pelagias,Jan.Pelagias@yopmail.com,Jan.Pelagias@gmail.com,firefighter
1049,Hyacinthe,Noelyn,Hyacinthe.Noelyn@yopmail.com,Hyacinthe.Noelyn@gmail.com,worker
1050,Allis,Concha,Allis.Concha@yopmail.com,Allis.Concha@gmail.com,police officer
1051,Michaelina,Tippets,Michaelina.Tippets@yopmail.com,Michaelina.Tippets@gmail.com,doctor
1052,Renie,Candy,Renie.Candy@yopmail.com,Renie.Candy@gmail.com,police officer
1053,Annaliese,Allys,Annaliese.Allys@yopmail.com,Annaliese.Allys@gmail.com,firefighter
1054,Shannah,Chobot,Shannah.Chobot@yopmail.com,Shannah.Chobot@gmail.com,worker
1055,Kelly,Hunfredo,Kelly.Hunfredo@yopmail.com,Kelly.Hunfredo@gmail.com,firefighter
1056,Myrtice,Edison,Myrtice.Edison@yopmail.com,Myrtice.Edison@gmail.com,firefighter
1057,Talya,Durante,Talya.Durante@yopmail.com,Talya.Durante@gmail.com,firefighter
1058,Jessamyn,Arvo,Jessamyn.Arvo@yopmail.com,Jessamyn.Arvo@gmail.com,police officer
1059,Frank,Richers,Frank.Richers@yopmail.com,Frank.Richers@gmail.com,firefighter
1060,Lynnea,Amand,Lynnea.Amand@yopmail.com,Lynnea.Amand@gmail.com,worker
1061,Tybie,Leopold,Tybie.Leopold@yopmail.com,Tybie.Leopold@gmail.com,worker
1062,Angela,Fabiola,Angela.Fabiola@yopmail.com,Angela.Fabiola@gmail.com,worker
1063,Julieta,Uund,Julieta.Uund@yopmail.com,Julieta.Uund@gmail.com,developer
1064,Danny,Astra,Danny.Astra@yopmail.com,Danny.Astra@gmail.com,developer
1065,Berget,Jacqui,Berget.Jacqui@yopmail.com,Berget.Jacqui@gmail.com,worker
1066,Amii,Lewes,Amii.Lewes@yopmail.com,Amii.Lewes@gmail.com,firefighter
1067,Claudina,Maurine,Claudina.Maurine@yopmail.com,Claudina.Maurine@gmail.com,developer
1068,Shannah,Faust,Shannah.Faust@yopmail.com,Shannah.Faust@gmail.com,developer
1069,Marika,Elbertina,Marika.Elbertina@yopmail.com,Marika.Elbertina@gmail.com,police officer
1070,Shandie,Nikaniki,Shandie.Nikaniki@yopmail.com,Shandie.Nikaniki@gmail.com,doctor
1071,Margette,Carleen,Margette.Carleen@yopmail.com,Margette.Carleen@gmail.com,doctor
1072,Ernesta,Sikorski,Ernesta.Sikorski@yopmail.com,Ernesta.Sikorski@gmail.com,developer
1073,Dania,Mullane,Dania.Mullane@yopmail.com,Dania.Mullane@gmail.com,firefighter
1074,Alleen,Dearborn,Alleen.Dearborn@yopmail.com,Alleen.Dearborn@gmail.com,police officer
1075,Mellicent,Israeli,Mellicent.Israeli@yopmail.com,Mellicent.Israeli@gmail.com,firefighter
1076,Theodora,Latini,Theodora.Latini@yopmail.com,Theodora.Latini@gmail.com,doctor
1077,Stacey,Sharl,Stacey.Sharl@yopmail.com,Stacey.Sharl@gmail.com,worker
1078,Catharine,Colp,Catharine.Colp@yopmail.com,Catharine.Colp@gmail.com,developer
1079,Gaylene,Juliet,Gaylene.Juliet@yopmail.com,Gaylene.Juliet@gmail.com,police officer
1080,Darlleen,Donoghue,Darlleen.Donoghue@yopmail.com,Darlleen.Donoghue@gmail.com,police officer
1081,Adriana,Engdahl,Adriana.Engdahl@yopmail.com,Adriana.Engdahl@gmail.com,worker
1082,Odessa,Serilda,Odessa.Serilda@yopmail.com,Odessa.Serilda@gmail.com,police officer
1083,Reeba,Winthorpe,Reeba.Winthorpe@yopmail.com,Reeba.Winthorpe@gmail.com,doctor
1084,Carilyn,Ashok,Carilyn.Ashok@yopmail.com,Carilyn.Ashok@gmail.com,doctor
1085,Alleen,Grimbly,Alleen.Grimbly@yopmail.com,Alleen.Grimbly@gmail.com,worker
1086,Althea,Cherianne,Althea.Cherianne@yopmail.com,Althea.Cherianne@gmail.com,firefighter
1087,Charmaine,Cornelia,Charmaine.Cornelia@yopmail.com,Charmaine.Cornelia@gmail.com,police officer
1088,Bernie,Guthrie,Bernie.Guthrie@yopmail.com,Bernie.Guthrie@gmail.com,doctor
1089,Carolina,Firmin,Carolina.Firmin@yopmail.com,Carolina.Firmin@gmail.com,police officer
1090,Isa,Melan,Isa.Melan@yopmail.com,Isa.Melan@gmail.com,firefighter
1091,Donnie,Anyah,Donnie.Anyah@yopmail.com,Donnie.Anyah@gmail.com,worker
1092,Lisette,Vivle,Lisette.Vivle@yopmail.com,Lisette.Vivle@gmail.com,worker
1093,Ginnie,Moina,Ginnie.Moina@yopmail.com,Ginnie.Moina@gmail.com,doctor
1094,Agnese,Pacorro,Agnese.Pacorro@yopmail.com,Agnese.Pacorro@gmail.com,firefighter
1095,Aryn,Phyllis,Aryn.Phyllis@yopmail.com,Aryn.Phyllis@gmail.com,doctor
1096,Ursulina,Malina,Ursulina.Malina@yopmail.com,Ursulina.Malina@gmail.com,doctor
1097,Celene,Alva,Celene.Alva@yopmail.com,Celene.Alva@gmail.com,doctor
1098,Kalina,Tatianas,Kalina.Tatianas@yopmail.com,Kalina.Tatianas@gmail.com,police officer
1099,Evaleen,Roche,Evaleen.Roche@yopmail.com,Evaleen.Roche@gmail.com,worker